step,wild_status,mutant_status
0,190,10
1,190,10
2,190,10
3,190,10
4,190,10
5,190,10
6,190,10
7,190,10
8,190,10
9,190,10
10,190,10
11,190,10
12,190,10
13,190,10
14,190,10
15,190,10
16,190,10
17,190,10
18,190,10
19,190,10
20,190,10
21,190,10
22,190,10
23,190,10
24,190,10
25,190,10
26,190,10
27,190,10
28,190,10
29,190,10
30,190,10
31,190,10
32,190,10
33,190,10
34,190,10
35,190,10
36,190,10
37,190,10
38,190,10
39,190,10
40,190,10
41,190,10
42,190,10
43,190,10
44,190,10
45,190,10
46,190,10
47,190,10
48,190,10
49,190,10
50,190,10
51,190,10
52,190,10
53,190,10
54,190,10
55,190,10
56,190,10
57,190,10
58,190,10
59,190,10
60,190,10
61,190,10
62,190,10
63,190,10
64,190,10
65,190,10
66,190,10
67,190,10
68,190,10
69,190,10
70,190,10
71,190,10
72,189,11
73,189,11
74,189,11
75,189,11
76,189,11
77,189,11
78,189,11
79,189,11
80,189,11
81,189,11
82,189,11
83,189,11
84,189,11
85,189,11
86,189,11
87,189,11
88,189,11
89,189,11
90,189,11
91,189,11
92,189,11
93,189,11
94,189,11
95,189,11
96,189,11
97,189,11
98,189,11
99,189,11
100,189,11
101,189,11
102,189,11
103,189,11
104,189,11
105,189,11
106,189,11
107,189,11
108,189,11
109,189,11
110,189,11
111,189,11
112,189,11
113,189,11
114,189,11
115,189,11
116,189,11
117,189,11
118,189,11
119,189,11
120,189,11
121,189,11
122,189,11
123,189,11
124,189,11
125,189,11
126,189,11
127,189,11
128,189,11
129,189,11
130,189,11
131,189,11
132,189,11
133,189,11
134,189,11
135,189,11
136,189,11
137,189,11
138,189,11
139,189,11
140,189,11
141,189,11
142,189,11
143,189,11
144,189,11
145,189,11
146,189,11
147,189,11
148,189,11
149,189,11
150,189,11
151,189,11
152,189,11
153,189,11
154,189,11
155,189,11
156,189,11
157,189,11
158,189,11
159,189,11
160,189,11
161,189,11
162,189,11
163,189,11
164,189,11
165,188,12
166,188,12
167,188,12
168,188,12
169,188,12
170,188,12
171,188,12
172,188,12
173,188,12
174,188,12
175,188,12
176,188,12
177,188,12
178,188,12
179,188,12
180,188,12
181,188,12
182,188,12
183,188,12
184,188,12
185,188,12
186,188,12
187,188,12
188,188,12
189,188,12
190,188,12
191,188,12
192,188,12
193,188,12
194,188,12
195,188,12
196,188,12
197,188,12
198,188,12
199,188,12
200,188,12
201,188,12
202,188,12
203,188,12
204,188,12
205,188,12
206,188,12
207,188,12
208,188,12
209,188,12
210,188,12
211,188,12
212,188,12
213,188,12
214,188,12
215,188,12
216,188,12
217,188,12
218,188,12
219,188,12
220,188,12
221,188,12
222,188,12
223,188,12
224,188,12
225,188,12
226,188,12
227,188,12
228,188,12
229,188,12
230,188,12
231,188,12
232,188,12
233,188,12
234,188,12
235,188,12
236,188,12
237,188,12
238,188,12
239,188,12
240,188,12
241,188,12
242,188,12
243,188,12
244,188,12
245,188,12
246,188,12
247,188,12
248,188,12
249,188,12
250,188,12
251,188,12
252,188,12
253,188,12
254,188,12
255,188,12
256,188,12
257,187,13
258,187,13
259,187,13
260,187,13
261,187,13
262,187,13
263,187,13
264,187,13
265,187,13
266,187,13
267,187,13
268,187,13
269,187,13
270,187,13
271,187,13
272,187,13
273,187,13
274,187,13
275,187,13
276,187,13
277,187,13
278,187,13
279,187,13
280,187,13
281,187,13
282,187,13
283,187,13
284,187,13
285,187,13
286,187,13
287,187,13
288,187,13
289,187,13
290,187,13
291,187,13
292,187,13
293,187,13
294,187,13
295,187,13
296,187,13
297,187,13
298,187,13
299,187,13
300,187,13
301,187,13
302,187,13
303,187,13
304,187,13
305,187,13
306,187,13
307,187,13
308,187,13
309,187,13
310,187,13
311,187,13
312,187,13
313,187,13
314,187,13
315,187,13
316,187,13
317,187,13
318,187,13
319,187,13
320,187,13
321,187,13
322,187,13
323,187,13
324,187,13
325,187,13
326,187,13
327,187,13
328,187,13
329,187,13
330,187,13
331,187,13
332,187,13
333,187,13
334,187,13
335,187,13
336,187,13
337,187,13
338,187,13
339,187,13
340,187,13
341,187,13
342,187,13
343,187,13
344,187,13
345,187,13
346,187,13
347,187,13
348,187,13
349,187,13
350,187,13
351,187,13
352,187,13
353,187,13
354,187,13
355,187,13
356,187,13
357,187,13
358,187,13
359,187,13
360,187,13
361,187,13
362,187,13
363,187,13
364,187,13
365,187,13
366,187,13
367,187,13
368,187,13
369,187,13
370,187,13
371,187,13
372,187,13
373,187,13
374,187,13
375,187,13
376,187,13
377,187,13
378,187,13
379,187,13
380,187,13
381,187,13
382,187,13
383,187,13
384,187,13
385,187,13
386,187,13
387,187,13
388,187,13
389,187,13
390,187,13
391,187,13
392,187,13
393,187,13
394,187,13
395,187,13
396,187,13
397,187,13
398,187,13
399,187,13
400,186,14
401,186,14
402,186,14
403,186,14
404,186,14
405,186,14
406,186,14
407,186,14
408,186,14
409,186,14
410,186,14
411,186,14
412,186,14
413,186,14
414,186,14
415,186,14
416,186,14
417,186,14
418,186,14
419,186,14
420,186,14
421,186,14
422,186,14
423,186,14
424,186,14
425,186,14
426,186,14
427,186,14
428,186,14
429,186,14
430,186,14
431,186,14
432,186,14
433,186,14
434,186,14
435,186,14
436,186,14
437,186,14
438,186,14
439,186,14
440,186,14
441,186,14
442,186,14
443,186,14
444,186,14
445,186,14
446,186,14
447,186,14
448,186,14
449,186,14
450,186,14
451,186,14
452,186,14
453,186,14
454,186,14
455,186,14
456,186,14
457,186,14
458,186,14
459,186,14
460,186,14
461,186,14
462,186,14
463,186,14
464,185,15
465,185,15
466,185,15
467,185,15
468,185,15
469,185,15
470,185,15
471,185,15
472,185,15
473,185,15
474,185,15
475,185,15
476,185,15
477,185,15
478,185,15
479,185,15
480,185,15
481,185,15
482,185,15
483,185,15
484,185,15
485,185,15
486,185,15
487,185,15
488,185,15
489,185,15
490,185,15
491,185,15
492,185,15
493,185,15
494,185,15
495,185,15
496,185,15
497,185,15
498,185,15
499,185,15
500,185,15
501,185,15
502,185,15
503,185,15
504,185,15
505,185,15
506,185,15
507,185,15
508,185,15
509,185,15
510,185,15
511,184,16
512,184,16
513,184,16
514,184,16
515,184,16
516,184,16
517,184,16
518,184,16
519,184,16
520,184,16
521,184,16
522,184,16
523,184,16
524,184,16
525,184,16
526,184,16
527,184,16
528,184,16
529,184,16
530,184,16
531,184,16
532,184,16
533,184,16
534,184,16
535,184,16
536,184,16
537,184,16
538,184,16
539,184,16
540,184,16
541,184,16
542,184,16
543,184,16
544,184,16
545,184,16
546,184,16
547,184,16
548,184,16
549,184,16
550,184,16
551,184,16
552,184,16
553,184,16
554,184,16
555,184,16
556,184,16
557,184,16
558,184,16
559,184,16
560,184,16
561,184,16
562,184,16
563,184,16
564,184,16
565,184,16
566,184,16
567,184,16
568,184,16
569,184,16
570,184,16
571,184,16
572,184,16
573,184,16
574,184,16
575,184,16
576,184,16
577,184,16
578,184,16
579,184,16
580,184,16
581,184,16
582,184,16
583,184,16
584,184,16
585,184,16
586,184,16
587,184,16
588,184,16
589,184,16
590,184,16
591,184,16
592,184,16
593,184,16
594,184,16
595,184,16
596,184,16
597,184,16
598,184,16
599,184,16
600,184,16
601,184,16
602,184,16
603,184,16
604,184,16
605,184,16
606,184,16
607,184,16
608,184,16
609,184,16
610,183,17
611,183,17
612,183,17
613,183,17
614,183,17
615,183,17
616,183,17
617,183,17
618,183,17
619,183,17
620,183,17
621,183,17
622,183,17
623,183,17
624,183,17
625,183,17
626,183,17
627,183,17
628,183,17
629,183,17
630,183,17
631,183,17
632,183,17
633,183,17
634,183,17
635,183,17
636,183,17
637,183,17
638,183,17
639,183,17
640,183,17
641,183,17
642,183,17
643,183,17
644,183,17
645,183,17
646,183,17
647,183,17
648,183,17
649,183,17
650,183,17
651,183,17
652,183,17
653,183,17
654,183,17
655,183,17
656,183,17
657,183,17
658,183,17
659,183,17
660,183,17
661,183,17
662,183,17
663,183,17
664,183,17
665,183,17
666,183,17
667,183,17
668,183,17
669,183,17
670,183,17
671,183,17
672,183,17
673,183,17
674,183,17
675,183,17
676,183,17
677,183,17
678,183,17
679,183,17
680,183,17
681,183,17
682,183,17
683,183,17
684,183,17
685,183,17
686,183,17
687,183,17
688,183,17
689,183,17
690,183,17
691,183,17
692,183,17
693,183,17
694,183,17
695,183,17
696,183,17
697,183,17
698,183,17
699,183,17
700,183,17
701,183,17
702,183,17
703,183,17
704,183,17
705,183,17
706,183,17
707,183,17
708,183,17
709,183,17
710,183,17
711,183,17
712,183,17
713,183,17
714,183,17
715,183,17
716,183,17
717,183,17
718,183,17
719,183,17
720,183,17
721,183,17
722,183,17
723,183,17
724,183,17
725,183,17
726,183,17
727,183,17
728,183,17
729,183,17
730,183,17
731,183,17
732,183,17
733,183,17
734,183,17
735,183,17
736,183,17
737,183,17
738,183,17
739,183,17
740,183,17
741,183,17
742,183,17
743,183,17
744,183,17
745,183,17
746,183,17
747,183,17
748,183,17
749,183,17
750,183,17
751,183,17
752,183,17
753,183,17
754,183,17
755,183,17
756,183,17
757,183,17
758,183,17
759,183,17
760,183,17
761,183,17
762,183,17
763,183,17
764,183,17
765,183,17
766,183,17
767,183,17
768,183,17
769,183,17
770,183,17
771,183,17
772,183,17
773,183,17
774,183,17
775,183,17
776,183,17
777,183,17
778,183,17
779,183,17
780,183,17
781,183,17
782,183,17
783,183,17
784,183,17
785,183,17
786,183,17
787,183,17
788,183,17
789,183,17
790,183,17
791,183,17
792,183,17
793,183,17
794,183,17
795,183,17
796,183,17
797,183,17
798,183,17
799,183,17
800,183,17
801,183,17
802,183,17
803,183,17
804,183,17
805,183,17
806,183,17
807,183,17
808,183,17
809,183,17
810,183,17
811,183,17
812,183,17
813,183,17
814,183,17
815,183,17
816,183,17
817,183,17
818,183,17
819,183,17
820,183,17
821,183,17
822,183,17
823,183,17
824,183,17
825,183,17
826,183,17
827,183,17
828,183,17
829,183,17
830,183,17
831,183,17
832,183,17
833,183,17
834,183,17
835,183,17
836,183,17
837,183,17
838,183,17
839,183,17
840,183,17
841,183,17
842,183,17
843,183,17
844,183,17
845,183,17
846,183,17
847,183,17
848,183,17
849,183,17
850,183,17
851,183,17
852,183,17
853,183,17
854,183,17
855,183,17
856,183,17
857,183,17
858,183,17
859,183,17
860,183,17
861,183,17
862,183,17
863,183,17
864,183,17
865,183,17
866,183,17
867,183,17
868,183,17
869,183,17
870,183,17
871,183,17
872,183,17
873,183,17
874,183,17
875,183,17
876,183,17
877,183,17
878,183,17
879,183,17
880,183,17
881,183,17
882,183,17
883,183,17
884,183,17
885,183,17
886,183,17
887,183,17
888,183,17
889,183,17
890,183,17
891,183,17
892,183,17
893,183,17
894,183,17
895,183,17
896,183,17
897,183,17
898,183,17
899,183,17
900,183,17
901,183,17
902,183,17
903,183,17
904,183,17
905,183,17
906,183,17
907,183,17
908,183,17
909,183,17
910,183,17
911,183,17
912,183,17
913,183,17
914,183,17
915,183,17
916,183,17
917,183,17
918,183,17
919,183,17
920,183,17
921,183,17
922,183,17
923,183,17
924,183,17
925,183,17
926,183,17
927,183,17
928,183,17
929,183,17
930,183,17
931,183,17
932,183,17
933,183,17
934,183,17
935,183,17
936,183,17
937,183,17
938,183,17
939,183,17
940,183,17
941,183,17
942,183,17
943,183,17
944,183,17
945,183,17
946,183,17
947,183,17
948,183,17
949,183,17
950,183,17
951,183,17
952,183,17
953,183,17
954,183,17
955,183,17
956,183,17
957,183,17
958,183,17
959,183,17
960,183,17
961,183,17
962,183,17
963,183,17
964,183,17
965,183,17
966,183,17
967,183,17
968,183,17
969,183,17
970,183,17
971,183,17
972,183,17
973,183,17
974,183,17
975,183,17
976,183,17
977,183,17
978,183,17
979,183,17
980,183,17
981,183,17
982,183,17
983,183,17
984,183,17
985,183,17
986,183,17
987,183,17
988,183,17
989,183,17
990,183,17
991,183,17
992,183,17
993,183,17
994,183,17
995,183,17
996,183,17
997,183,17
998,183,17
999,183,17
1000,183,17
1001,182,18
1002,182,18
1003,182,18
1004,182,18
1005,182,18
1006,182,18
1007,182,18
1008,182,18
1009,182,18
1010,182,18
1011,182,18
1012,182,18
1013,182,18
1014,182,18
1015,182,18
1016,182,18
1017,182,18
1018,182,18
1019,182,18
1020,182,18
1021,182,18
1022,182,18
1023,182,18
1024,182,18
1025,182,18
1026,182,18
1027,182,18
1028,182,18
1029,182,18
1030,182,18
1031,182,18
1032,182,18
1033,182,18
1034,182,18
1035,182,18
1036,182,18
1037,182,18
1038,182,18
1039,182,18
1040,182,18
1041,182,18
1042,182,18
1043,182,18
1044,182,18
1045,182,18
1046,182,18
1047,182,18
1048,182,18
1049,182,18
1050,182,18
1051,182,18
1052,182,18
1053,182,18
1054,182,18
1055,182,18
1056,182,18
1057,182,18
1058,182,18
1059,182,18
1060,182,18
1061,182,18
1062,182,18
1063,182,18
1064,182,18
1065,182,18
1066,182,18
1067,182,18
1068,182,18
1069,182,18
1070,182,18
1071,182,18
1072,182,18
1073,182,18
1074,182,18
1075,182,18
1076,182,18
1077,182,18
1078,182,18
1079,182,18
1080,182,18
1081,182,18
1082,182,18
1083,182,18
1084,182,18
1085,182,18
1086,182,18
1087,182,18
1088,182,18
1089,182,18
1090,182,18
1091,182,18
1092,182,18
1093,182,18
1094,182,18
1095,182,18
1096,182,18
1097,182,18
1098,182,18
1099,182,18
1100,182,18
1101,182,18
1102,182,18
1103,182,18
1104,182,18
1105,182,18
1106,182,18
1107,182,18
1108,182,18
1109,182,18
1110,182,18
1111,182,18
1112,182,18
1113,182,18
1114,182,18
1115,182,18
1116,182,18
1117,182,18
1118,182,18
1119,182,18
1120,182,18
1121,182,18
1122,182,18
1123,182,18
1124,182,18
1125,182,18
1126,182,18
1127,182,18
1128,182,18
1129,182,18
1130,182,18
1131,182,18
1132,182,18
1133,182,18
1134,182,18
1135,182,18
1136,182,18
1137,182,18
1138,182,18
1139,182,18
1140,182,18
1141,182,18
1142,182,18
1143,182,18
1144,182,18
1145,182,18
1146,182,18
1147,182,18
1148,182,18
1149,182,18
1150,182,18
1151,182,18
1152,182,18
1153,182,18
1154,182,18
1155,182,18
1156,182,18
1157,182,18
1158,182,18
1159,182,18
1160,182,18
1161,182,18
1162,182,18
1163,182,18
1164,182,18
1165,182,18
1166,182,18
1167,182,18
1168,182,18
1169,182,18
1170,182,18
1171,182,18
1172,182,18
1173,182,18
1174,182,18
1175,182,18
1176,182,18
1177,182,18
1178,182,18
1179,182,18
1180,182,18
1181,182,18
1182,182,18
1183,182,18
1184,182,18
1185,182,18
1186,182,18
1187,182,18
1188,182,18
1189,182,18
1190,182,18
1191,182,18
1192,182,18
1193,182,18
1194,182,18
1195,182,18
1196,182,18
1197,182,18
1198,182,18
1199,182,18
1200,182,18
1201,182,18
1202,182,18
1203,182,18
1204,182,18
1205,182,18
1206,182,18
1207,182,18
1208,182,18
1209,182,18
1210,182,18
1211,182,18
1212,182,18
1213,182,18
1214,182,18
1215,182,18
1216,182,18
1217,182,18
1218,182,18
1219,182,18
1220,182,18
1221,182,18
1222,182,18
1223,182,18
1224,182,18
1225,182,18
1226,182,18
1227,182,18
1228,182,18
1229,182,18
1230,182,18
1231,182,18
1232,182,18
1233,182,18
1234,182,18
1235,182,18
1236,182,18
1237,182,18
1238,182,18
1239,182,18
1240,182,18
1241,182,18
1242,182,18
1243,182,18
1244,182,18
1245,182,18
1246,182,18
1247,182,18
1248,182,18
1249,182,18
1250,182,18
1251,182,18
1252,182,18
1253,182,18
1254,182,18
1255,182,18
1256,182,18
1257,182,18
1258,182,18
1259,182,18
1260,182,18
1261,182,18
1262,182,18
1263,182,18
1264,182,18
1265,182,18
1266,182,18
1267,182,18
1268,182,18
1269,182,18
1270,182,18
1271,182,18
1272,182,18
1273,182,18
1274,182,18
1275,182,18
1276,182,18
1277,182,18
1278,182,18
1279,182,18
1280,182,18
1281,182,18
1282,182,18
1283,182,18
1284,182,18
1285,182,18
1286,182,18
1287,182,18
1288,182,18
1289,182,18
1290,182,18
1291,182,18
1292,182,18
1293,182,18
1294,182,18
1295,182,18
1296,182,18
1297,182,18
1298,182,18
1299,182,18
1300,182,18
1301,182,18
1302,182,18
1303,182,18
1304,182,18
1305,182,18
1306,182,18
1307,182,18
1308,182,18
1309,182,18
1310,182,18
1311,182,18
1312,182,18
1313,182,18
1314,182,18
1315,182,18
1316,182,18
1317,182,18
1318,182,18
1319,181,19
1320,181,19
1321,181,19
1322,181,19
1323,180,20
1324,180,20
1325,180,20
1326,180,20
1327,180,20
1328,180,20
1329,180,20
1330,180,20
1331,180,20
1332,180,20
1333,180,20
1334,180,20
1335,180,20
1336,180,20
1337,180,20
1338,180,20
1339,180,20
1340,180,20
1341,180,20
1342,180,20
1343,180,20
1344,180,20
1345,180,20
1346,180,20
1347,180,20
1348,180,20
1349,180,20
1350,180,20
1351,180,20
1352,180,20
1353,180,20
1354,180,20
1355,180,20
1356,180,20
1357,180,20
1358,180,20
1359,180,20
1360,180,20
1361,180,20
1362,180,20
1363,180,20
1364,180,20
1365,180,20
1366,180,20
1367,180,20
1368,180,20
1369,180,20
1370,180,20
1371,180,20
1372,180,20
1373,180,20
1374,180,20
1375,180,20
1376,180,20
1377,180,20
1378,180,20
1379,180,20
1380,180,20
1381,180,20
1382,180,20
1383,180,20
1384,180,20
1385,180,20
1386,180,20
1387,180,20
1388,180,20
1389,180,20
1390,180,20
1391,180,20
1392,180,20
1393,180,20
1394,180,20
1395,180,20
1396,180,20
1397,180,20
1398,180,20
1399,180,20
1400,180,20
1401,180,20
1402,180,20
1403,180,20
1404,180,20
1405,180,20
1406,180,20
1407,180,20
1408,180,20
1409,180,20
1410,180,20
1411,180,20
1412,180,20
1413,180,20
1414,180,20
1415,180,20
1416,180,20
1417,180,20
1418,180,20
1419,180,20
1420,180,20
1421,180,20
1422,180,20
1423,180,20
1424,180,20
1425,180,20
1426,180,20
1427,180,20
1428,180,20
1429,180,20
1430,180,20
1431,180,20
1432,180,20
1433,180,20
1434,180,20
1435,180,20
1436,180,20
1437,180,20
1438,180,20
1439,180,20
1440,180,20
1441,180,20
1442,180,20
1443,180,20
1444,180,20
1445,180,20
1446,180,20
1447,180,20
1448,180,20
1449,180,20
1450,180,20
1451,180,20
1452,180,20
1453,180,20
1454,180,20
1455,180,20
1456,180,20
1457,180,20
1458,180,20
1459,180,20
1460,180,20
1461,180,20
1462,180,20
1463,180,20
1464,180,20
1465,180,20
1466,180,20
1467,180,20
1468,180,20
1469,180,20
1470,180,20
1471,180,20
1472,180,20
1473,180,20
1474,180,20
1475,180,20
1476,180,20
1477,180,20
1478,180,20
1479,180,20
1480,180,20
1481,180,20
1482,180,20
1483,180,20
1484,180,20
1485,180,20
1486,180,20
1487,180,20
1488,180,20
1489,180,20
1490,180,20
1491,180,20
1492,180,20
1493,180,20
1494,180,20
1495,180,20
1496,180,20
1497,180,20
1498,180,20
1499,180,20
1500,180,20
1501,180,20
1502,180,20
1503,180,20
1504,180,20
1505,180,20
1506,180,20
1507,180,20
1508,180,20
1509,180,20
1510,180,20
1511,180,20
1512,180,20
1513,180,20
1514,180,20
1515,180,20
1516,180,20
1517,180,20
1518,180,20
1519,180,20
1520,180,20
1521,180,20
1522,180,20
1523,180,20
1524,180,20
1525,180,20
1526,180,20
1527,180,20
1528,180,20
1529,180,20
1530,180,20
1531,180,20
1532,180,20
1533,180,20
1534,180,20
1535,180,20
1536,180,20
1537,180,20
1538,180,20
1539,180,20
1540,180,20
1541,180,20
1542,180,20
1543,180,20
1544,180,20
1545,180,20
1546,180,20
1547,180,20
1548,180,20
1549,180,20
1550,180,20
1551,180,20
1552,180,20
1553,180,20
1554,180,20
1555,180,20
1556,180,20
1557,180,20
1558,180,20
1559,180,20
1560,180,20
1561,180,20
1562,180,20
1563,180,20
1564,180,20
1565,180,20
1566,180,20
1567,180,20
1568,180,20
1569,180,20
1570,180,20
1571,180,20
1572,180,20
1573,180,20
1574,180,20
1575,180,20
1576,180,20
1577,180,20
1578,180,20
1579,179,21
1580,179,21
1581,179,21
1582,179,21
1583,179,21
1584,179,21
1585,179,21
1586,179,21
1587,179,21
1588,179,21
1589,179,21
1590,179,21
1591,179,21
1592,179,21
1593,179,21
1594,179,21
1595,179,21
1596,179,21
1597,179,21
1598,179,21
1599,179,21
1600,179,21
1601,179,21
1602,179,21
1603,179,21
1604,179,21
1605,179,21
1606,179,21
1607,179,21
1608,179,21
1609,179,21
1610,179,21
1611,179,21
1612,179,21
1613,179,21
1614,179,21
1615,179,21
1616,179,21
1617,179,21
1618,179,21
1619,179,21
1620,179,21
1621,179,21
1622,178,22
1623,178,22
1624,178,22
1625,178,22
1626,178,22
1627,178,22
1628,178,22
1629,178,22
1630,178,22
1631,178,22
1632,178,22
1633,178,22
1634,178,22
1635,178,22
1636,178,22
1637,178,22
1638,178,22
1639,178,22
1640,178,22
1641,178,22
1642,178,22
1643,178,22
1644,178,22
1645,178,22
1646,178,22
1647,178,22
1648,178,22
1649,178,22
1650,178,22
1651,178,22
1652,178,22
1653,178,22
1654,178,22
1655,178,22
1656,178,22
1657,178,22
1658,178,22
1659,178,22
1660,178,22
1661,178,22
1662,178,22
1663,177,23
1664,177,23
1665,177,23
1666,177,23
1667,177,23
1668,177,23
1669,177,23
1670,177,23
1671,177,23
1672,177,23
1673,177,23
1674,177,23
1675,177,23
1676,177,23
1677,177,23
1678,177,23
1679,177,23
1680,177,23
1681,177,23
1682,177,23
1683,177,23
1684,177,23
1685,177,23
1686,177,23
1687,177,23
1688,177,23
1689,177,23
1690,177,23
1691,177,23
1692,177,23
1693,177,23
1694,177,23
1695,177,23
1696,177,23
1697,177,23
1698,177,23
1699,177,23
1700,177,23
1701,177,23
1702,177,23
1703,177,23
1704,177,23
1705,177,23
1706,177,23
1707,177,23
1708,177,23
1709,177,23
1710,177,23
1711,177,23
1712,177,23
1713,177,23
1714,177,23
1715,177,23
1716,177,23
1717,177,23
1718,177,23
1719,177,23
1720,177,23
1721,177,23
1722,177,23
1723,177,23
1724,177,23
1725,177,23
1726,177,23
1727,177,23
1728,177,23
1729,177,23
1730,177,23
1731,177,23
1732,177,23
1733,177,23
1734,177,23
1735,177,23
1736,177,23
1737,177,23
1738,177,23
1739,177,23
1740,177,23
1741,177,23
1742,177,23
1743,177,23
1744,177,23
1745,177,23
1746,177,23
1747,177,23
1748,177,23
1749,177,23
1750,177,23
1751,177,23
1752,177,23
1753,177,23
1754,177,23
1755,177,23
1756,177,23
1757,177,23
1758,177,23
1759,177,23
1760,177,23
1761,177,23
1762,177,23
1763,177,23
1764,177,23
1765,177,23
1766,177,23
1767,177,23
1768,177,23
1769,177,23
1770,177,23
1771,177,23
1772,177,23
1773,177,23
1774,177,23
1775,177,23
1776,177,23
1777,177,23
1778,177,23
1779,177,23
1780,177,23
1781,177,23
1782,177,23
1783,177,23
1784,177,23
1785,177,23
1786,177,23
1787,177,23
1788,177,23
1789,177,23
1790,177,23
1791,177,23
1792,177,23
1793,177,23
1794,177,23
1795,177,23
1796,177,23
1797,177,23
1798,177,23
1799,177,23
1800,177,23
1801,177,23
1802,177,23
1803,177,23
1804,177,23
1805,177,23
1806,177,23
1807,177,23
1808,177,23
1809,177,23
1810,177,23
1811,177,23
1812,177,23
1813,177,23
1814,177,23
1815,177,23
1816,177,23
1817,177,23
1818,177,23
1819,177,23
1820,177,23
1821,177,23
1822,177,23
1823,177,23
1824,177,23
1825,177,23
1826,177,23
1827,177,23
1828,177,23
1829,177,23
1830,177,23
1831,177,23
1832,177,23
1833,177,23
1834,177,23
1835,177,23
1836,177,23
1837,177,23
1838,177,23
1839,177,23
1840,177,23
1841,177,23
1842,177,23
1843,177,23
1844,177,23
1845,177,23
1846,177,23
1847,177,23
1848,177,23
1849,177,23
1850,177,23
1851,177,23
1852,177,23
1853,177,23
1854,177,23
1855,177,23
1856,177,23
1857,177,23
1858,177,23
1859,177,23
1860,177,23
1861,177,23
1862,176,24
1863,176,24
1864,176,24
1865,176,24
1866,176,24
1867,176,24
1868,176,24
1869,176,24
1870,176,24
1871,176,24
1872,176,24
1873,176,24
1874,176,24
1875,176,24
1876,176,24
1877,176,24
1878,176,24
1879,176,24
1880,176,24
1881,176,24
1882,176,24
1883,176,24
1884,175,25
1885,175,25
1886,175,25
1887,175,25
1888,175,25
1889,175,25
1890,175,25
1891,175,25
1892,175,25
1893,175,25
1894,175,25
1895,175,25
1896,175,25
1897,175,25
1898,175,25
1899,175,25
1900,175,25
1901,175,25
1902,175,25
1903,175,25
1904,175,25
1905,175,25
1906,175,25
1907,175,25
1908,175,25
1909,175,25
1910,175,25
1911,175,25
1912,175,25
1913,175,25
1914,175,25
1915,175,25
1916,175,25
1917,175,25
1918,175,25
1919,175,25
1920,175,25
1921,175,25
1922,175,25
1923,175,25
1924,175,25
1925,175,25
1926,175,25
1927,175,25
1928,175,25
1929,175,25
1930,175,25
1931,175,25
1932,175,25
1933,175,25
1934,175,25
1935,175,25
1936,175,25
1937,175,25
1938,175,25
1939,175,25
1940,175,25
1941,175,25
1942,175,25
1943,175,25
1944,175,25
1945,175,25
1946,175,25
1947,175,25
1948,175,25
1949,175,25
1950,175,25
1951,175,25
1952,175,25
1953,175,25
1954,175,25
1955,175,25
1956,175,25
1957,175,25
1958,175,25
1959,175,25
1960,175,25
1961,175,25
1962,175,25
1963,175,25
1964,175,25
1965,175,25
1966,175,25
1967,175,25
1968,175,25
1969,175,25
1970,175,25
1971,175,25
1972,175,25
1973,175,25
1974,175,25
1975,175,25
1976,175,25
1977,175,25
1978,175,25
1979,175,25
1980,175,25
1981,175,25
1982,175,25
1983,175,25
1984,175,25
1985,175,25
1986,175,25
1987,175,25
1988,175,25
1989,175,25
1990,175,25
1991,175,25
1992,175,25
1993,175,25
1994,175,25
1995,175,25
1996,175,25
1997,175,25
1998,175,25
1999,175,25
2000,175,25
2001,175,25
2002,175,25
2003,175,25
2004,175,25
2005,175,25
2006,175,25
2007,175,25
2008,175,25
2009,175,25
2010,175,25
2011,175,25
2012,175,25
2013,175,25
2014,175,25
2015,175,25
2016,175,25
2017,175,25
2018,175,25
2019,175,25
2020,175,25
2021,175,25
2022,175,25
2023,175,25
2024,175,25
2025,175,25
2026,175,25
2027,175,25
2028,175,25
2029,175,25
2030,175,25
2031,175,25
2032,175,25
2033,175,25
2034,175,25
2035,175,25
2036,175,25
2037,175,25
2038,175,25
2039,175,25
2040,175,25
2041,175,25
2042,175,25
2043,175,25
2044,175,25
2045,175,25
2046,175,25
2047,175,25
2048,175,25
2049,175,25
2050,175,25
2051,175,25
2052,175,25
2053,175,25
2054,175,25
2055,175,25
2056,175,25
2057,175,25
2058,175,25
2059,175,25
2060,175,25
2061,175,25
2062,175,25
2063,175,25
2064,175,25
2065,175,25
2066,175,25
2067,175,25
2068,175,25
2069,175,25
2070,175,25
2071,175,25
2072,175,25
2073,175,25
2074,175,25
2075,175,25
2076,175,25
2077,175,25
2078,175,25
2079,175,25
2080,175,25
2081,175,25
2082,175,25
2083,175,25
2084,175,25
2085,175,25
2086,175,25
2087,175,25
2088,175,25
2089,175,25
2090,175,25
2091,175,25
2092,175,25
2093,175,25
2094,175,25
2095,175,25
2096,175,25
2097,175,25
2098,175,25
2099,175,25
2100,175,25
2101,175,25
2102,175,25
2103,175,25
2104,175,25
2105,175,25
2106,175,25
2107,175,25
2108,175,25
2109,175,25
2110,175,25
2111,175,25
2112,175,25
2113,175,25
2114,175,25
2115,175,25
2116,175,25
2117,175,25
2118,175,25
2119,175,25
2120,175,25
2121,175,25
2122,175,25
2123,175,25
2124,175,25
2125,175,25
2126,175,25
2127,175,25
2128,175,25
2129,175,25
2130,175,25
2131,175,25
2132,175,25
2133,175,25
2134,175,25
2135,175,25
2136,175,25
2137,175,25
2138,175,25
2139,175,25
2140,175,25
2141,175,25
2142,175,25
2143,175,25
2144,175,25
2145,175,25
2146,175,25
2147,175,25
2148,175,25
2149,175,25
2150,175,25
2151,175,25
2152,175,25
2153,175,25
2154,175,25
2155,175,25
2156,175,25
2157,175,25
2158,175,25
2159,175,25
2160,175,25
2161,175,25
2162,175,25
2163,175,25
2164,175,25
2165,175,25
2166,175,25
2167,175,25
2168,175,25
2169,175,25
2170,175,25
2171,175,25
2172,175,25
2173,175,25
2174,175,25
2175,175,25
2176,175,25
2177,175,25
2178,175,25
2179,175,25
2180,175,25
2181,175,25
2182,175,25
2183,175,25
2184,175,25
2185,175,25
2186,175,25
2187,175,25
2188,175,25
2189,175,25
2190,175,25
2191,175,25
2192,175,25
2193,175,25
2194,175,25
2195,175,25
2196,175,25
2197,175,25
2198,175,25
2199,175,25
2200,175,25
2201,175,25
2202,175,25
2203,175,25
2204,175,25
2205,175,25
2206,175,25
2207,175,25
2208,175,25
2209,175,25
2210,175,25
2211,175,25
2212,175,25
2213,175,25
2214,175,25
2215,175,25
2216,175,25
2217,175,25
2218,175,25
2219,175,25
2220,175,25
2221,175,25
2222,175,25
2223,175,25
2224,175,25
2225,175,25
2226,175,25
2227,175,25
2228,175,25
2229,175,25
2230,175,25
2231,175,25
2232,175,25
2233,175,25
2234,175,25
2235,175,25
2236,175,25
2237,175,25
2238,175,25
2239,175,25
2240,175,25
2241,175,25
2242,175,25
2243,175,25
2244,175,25
2245,175,25
2246,175,25
2247,175,25
2248,175,25
2249,175,25
2250,175,25
2251,175,25
2252,175,25
2253,175,25
2254,175,25
2255,175,25
2256,175,25
2257,175,25
2258,175,25
2259,175,25
2260,175,25
2261,175,25
2262,175,25
2263,175,25
2264,175,25
2265,175,25
2266,175,25
2267,175,25
2268,175,25
2269,175,25
2270,175,25
2271,175,25
2272,175,25
2273,175,25
2274,175,25
2275,175,25
2276,175,25
2277,175,25
2278,175,25
2279,175,25
2280,175,25
2281,175,25
2282,175,25
2283,175,25
2284,175,25
2285,175,25
2286,175,25
2287,175,25
2288,175,25
2289,175,25
2290,175,25
2291,175,25
2292,175,25
2293,175,25
2294,175,25
2295,175,25
2296,175,25
2297,175,25
2298,175,25
2299,175,25
2300,175,25
2301,175,25
2302,175,25
2303,175,25
2304,175,25
2305,175,25
2306,175,25
2307,175,25
2308,175,25
2309,175,25
2310,175,25
2311,175,25
2312,175,25
2313,175,25
2314,175,25
2315,175,25
2316,175,25
2317,175,25
2318,175,25
2319,175,25
2320,174,26
2321,174,26
2322,174,26
2323,174,26
2324,174,26
2325,174,26
2326,174,26
2327,174,26
2328,174,26
2329,174,26
2330,174,26
2331,174,26
2332,174,26
2333,174,26
2334,174,26
2335,174,26
2336,174,26
2337,174,26
2338,174,26
2339,174,26
2340,174,26
2341,174,26
2342,174,26
2343,174,26
2344,174,26
2345,174,26
2346,174,26
2347,174,26
2348,174,26
2349,174,26
2350,174,26
2351,174,26
2352,174,26
2353,174,26
2354,174,26
2355,174,26
2356,174,26
2357,174,26
2358,174,26
2359,174,26
2360,173,27
2361,173,27
2362,173,27
2363,173,27
2364,173,27
2365,173,27
2366,173,27
2367,173,27
2368,173,27
2369,173,27
2370,173,27
2371,173,27
2372,173,27
2373,173,27
2374,173,27
2375,173,27
2376,173,27
2377,173,27
2378,173,27
2379,173,27
2380,173,27
2381,173,27
2382,173,27
2383,173,27
2384,173,27
2385,173,27
2386,173,27
2387,173,27
2388,173,27
2389,173,27
2390,173,27
2391,173,27
2392,173,27
2393,173,27
2394,173,27
2395,173,27
2396,173,27
2397,173,27
2398,173,27
2399,173,27
2400,173,27
2401,173,27
2402,173,27
2403,173,27
2404,173,27
2405,173,27
2406,173,27
2407,173,27
2408,173,27
2409,173,27
2410,173,27
2411,173,27
2412,173,27
2413,173,27
2414,173,27
2415,173,27
2416,173,27
2417,173,27
2418,173,27
2419,173,27
2420,173,27
2421,173,27
2422,173,27
2423,173,27
2424,173,27
2425,173,27
2426,173,27
2427,173,27
2428,173,27
2429,173,27
2430,173,27
2431,173,27
2432,173,27
2433,173,27
2434,173,27
2435,173,27
2436,173,27
2437,173,27
2438,173,27
2439,173,27
2440,173,27
2441,173,27
2442,173,27
2443,173,27
2444,173,27
2445,173,27
2446,173,27
2447,173,27
2448,173,27
2449,173,27
2450,173,27
2451,173,27
2452,173,27
2453,173,27
2454,173,27
2455,173,27
2456,173,27
2457,173,27
2458,173,27
2459,173,27
2460,173,27
2461,173,27
2462,173,27
2463,173,27
2464,173,27
2465,173,27
2466,173,27
2467,173,27
2468,173,27
2469,173,27
2470,173,27
2471,173,27
2472,173,27
2473,173,27
2474,173,27
2475,173,27
2476,173,27
2477,173,27
2478,173,27
2479,173,27
2480,173,27
2481,173,27
2482,173,27
2483,173,27
2484,173,27
2485,173,27
2486,173,27
2487,173,27
2488,173,27
2489,173,27
2490,173,27
2491,173,27
2492,173,27
2493,173,27
2494,173,27
2495,173,27
2496,173,27
2497,173,27
2498,173,27
2499,173,27
2500,173,27
2501,173,27
2502,173,27
2503,173,27
2504,173,27
2505,173,27
2506,173,27
2507,173,27
2508,173,27
2509,173,27
2510,173,27
2511,173,27
2512,173,27
2513,173,27
2514,173,27
2515,173,27
2516,173,27
2517,173,27
2518,173,27
2519,173,27
2520,173,27
2521,173,27
2522,173,27
2523,173,27
2524,173,27
2525,173,27
2526,173,27
2527,173,27
2528,173,27
2529,173,27
2530,173,27
2531,173,27
2532,173,27
2533,173,27
2534,173,27
2535,173,27
2536,173,27
2537,173,27
2538,173,27
2539,173,27
2540,173,27
2541,173,27
2542,173,27
2543,173,27
2544,173,27
2545,173,27
2546,173,27
2547,173,27
2548,173,27
2549,173,27
2550,173,27
2551,173,27
2552,173,27
2553,173,27
2554,173,27
2555,173,27
2556,173,27
2557,173,27
2558,173,27
2559,173,27
2560,173,27
2561,173,27
2562,173,27
2563,173,27
2564,173,27
2565,173,27
2566,173,27
2567,173,27
2568,173,27
2569,173,27
2570,173,27
2571,173,27
2572,173,27
2573,173,27
2574,173,27
2575,173,27
2576,173,27
2577,173,27
2578,173,27
2579,173,27
2580,173,27
2581,173,27
2582,173,27
2583,173,27
2584,173,27
2585,173,27
2586,173,27
2587,173,27
2588,173,27
2589,173,27
2590,173,27
2591,173,27
2592,173,27
2593,173,27
2594,173,27
2595,173,27
2596,173,27
2597,173,27
2598,173,27
2599,173,27
2600,173,27
2601,173,27
2602,173,27
2603,173,27
2604,173,27
2605,173,27
2606,173,27
2607,173,27
2608,173,27
2609,173,27
2610,173,27
2611,173,27
2612,173,27
2613,173,27
2614,172,28
2615,172,28
2616,172,28
2617,172,28
2618,172,28
2619,172,28
2620,172,28
2621,172,28
2622,172,28
2623,172,28
2624,172,28
2625,172,28
2626,172,28
2627,172,28
2628,172,28
2629,172,28
2630,172,28
2631,172,28
2632,172,28
2633,172,28
2634,172,28
2635,172,28
2636,172,28
2637,172,28
2638,172,28
2639,172,28
2640,172,28
2641,172,28
2642,172,28
2643,172,28
2644,172,28
2645,172,28
2646,172,28
2647,172,28
2648,172,28
2649,172,28
2650,172,28
2651,172,28
2652,172,28
2653,172,28
2654,172,28
2655,172,28
2656,172,28
2657,172,28
2658,172,28
2659,172,28
2660,172,28
2661,172,28
2662,172,28
2663,172,28
2664,172,28
2665,172,28
2666,171,29
2667,171,29
2668,171,29
2669,171,29
2670,171,29
2671,171,29
2672,171,29
2673,171,29
2674,171,29
2675,171,29
2676,171,29
2677,171,29
2678,171,29
2679,171,29
2680,171,29
2681,171,29
2682,171,29
2683,171,29
2684,171,29
2685,171,29
2686,171,29
2687,171,29
2688,171,29
2689,171,29
2690,171,29
2691,171,29
2692,171,29
2693,171,29
2694,171,29
2695,171,29
2696,171,29
2697,171,29
2698,171,29
2699,171,29
2700,171,29
2701,171,29
2702,171,29
2703,171,29
2704,171,29
2705,171,29
2706,171,29
2707,171,29
2708,171,29
2709,170,30
2710,170,30
2711,170,30
2712,170,30
2713,170,30
2714,170,30
2715,170,30
2716,170,30
2717,170,30
2718,170,30
2719,170,30
2720,170,30
2721,170,30
2722,170,30
2723,170,30
2724,170,30
2725,170,30
2726,170,30
2727,170,30
2728,170,30
2729,170,30
2730,170,30
2731,169,31
2732,169,31
2733,169,31
2734,169,31
2735,169,31
2736,169,31
2737,169,31
2738,169,31
2739,169,31
2740,169,31
2741,169,31
2742,169,31
2743,169,31
2744,169,31
2745,169,31
2746,169,31
2747,169,31
2748,169,31
2749,169,31
2750,169,31
2751,169,31
2752,169,31
2753,169,31
2754,169,31
2755,169,31
2756,169,31
2757,169,31
2758,169,31
2759,169,31
2760,169,31
2761,169,31
2762,169,31
2763,169,31
2764,169,31
2765,169,31
2766,169,31
2767,169,31
2768,169,31
2769,169,31
2770,169,31
2771,169,31
2772,169,31
2773,169,31
2774,169,31
2775,169,31
2776,169,31
2777,169,31
2778,169,31
2779,169,31
2780,169,31
2781,169,31
2782,169,31
2783,169,31
2784,169,31
2785,169,31
2786,169,31
2787,169,31
2788,169,31
2789,169,31
2790,169,31
2791,169,31
2792,169,31
2793,169,31
2794,169,31
2795,169,31
2796,169,31
2797,169,31
2798,169,31
2799,169,31
2800,169,31
2801,169,31
2802,169,31
2803,169,31
2804,169,31
2805,169,31
2806,169,31
2807,169,31
2808,169,31
2809,169,31
2810,169,31
2811,169,31
2812,169,31
2813,169,31
2814,169,31
2815,169,31
2816,169,31
2817,169,31
2818,169,31
2819,169,31
2820,169,31
2821,169,31
2822,169,31
2823,169,31
2824,169,31
2825,169,31
2826,169,31
2827,169,31
2828,169,31
2829,169,31
2830,169,31
2831,169,31
2832,169,31
2833,169,31
2834,169,31
2835,169,31
2836,169,31
2837,169,31
2838,169,31
2839,169,31
2840,169,31
2841,169,31
2842,169,31
2843,169,31
2844,169,31
2845,169,31
2846,169,31
2847,169,31
2848,169,31
2849,169,31
2850,169,31
2851,169,31
2852,169,31
2853,169,31
2854,169,31
2855,169,31
2856,169,31
2857,169,31
2858,169,31
2859,169,31
2860,169,31
2861,169,31
2862,169,31
2863,169,31
2864,169,31
2865,169,31
2866,169,31
2867,169,31
2868,169,31
2869,169,31
2870,169,31
2871,169,31
2872,169,31
2873,169,31
2874,169,31
2875,169,31
2876,169,31
2877,169,31
2878,169,31
2879,169,31
2880,169,31
2881,169,31
2882,169,31
2883,169,31
2884,169,31
2885,169,31
2886,169,31
2887,168,32
2888,168,32
2889,168,32
2890,168,32
2891,168,32
2892,168,32
2893,168,32
2894,168,32
2895,168,32
2896,168,32
2897,168,32
2898,168,32
2899,168,32
2900,168,32
2901,168,32
2902,168,32
2903,168,32
2904,168,32
2905,168,32
2906,168,32
2907,168,32
2908,168,32
2909,168,32
2910,168,32
2911,168,32
2912,168,32
2913,168,32
2914,168,32
2915,168,32
2916,168,32
2917,168,32
2918,168,32
2919,168,32
2920,168,32
2921,168,32
2922,168,32
2923,168,32
2924,168,32
2925,168,32
2926,168,32
2927,168,32
2928,168,32
2929,168,32
2930,168,32
2931,168,32
2932,168,32
2933,168,32
2934,168,32
2935,168,32
2936,168,32
2937,168,32
2938,168,32
2939,168,32
2940,168,32
2941,168,32
2942,168,32
2943,168,32
2944,168,32
2945,168,32
2946,168,32
2947,168,32
2948,168,32
2949,168,32
2950,168,32
2951,168,32
2952,168,32
2953,168,32
2954,168,32
2955,168,32
2956,168,32
2957,168,32
2958,168,32
2959,168,32
2960,168,32
2961,168,32
2962,168,32
2963,168,32
2964,168,32
2965,168,32
2966,168,32
2967,168,32
2968,168,32
2969,168,32
2970,168,32
2971,168,32
2972,168,32
2973,168,32
2974,168,32
2975,168,32
2976,168,32
2977,168,32
2978,168,32
2979,168,32
2980,168,32
2981,168,32
2982,168,32
2983,168,32
2984,168,32
2985,168,32
2986,168,32
2987,168,32
2988,168,32
2989,168,32
2990,168,32
2991,168,32
2992,168,32
2993,168,32
2994,168,32
2995,168,32
2996,168,32
2997,168,32
2998,168,32
2999,168,32
3000,168,32
3001,168,32
3002,168,32
3003,168,32
3004,168,32
3005,168,32
3006,168,32
3007,168,32
3008,168,32
3009,168,32
3010,168,32
3011,168,32
3012,168,32
3013,168,32
3014,168,32
3015,168,32
3016,168,32
3017,168,32
3018,168,32
3019,168,32
3020,168,32
3021,168,32
3022,168,32
3023,168,32
3024,168,32
3025,168,32
3026,168,32
3027,168,32
3028,168,32
3029,168,32
3030,168,32
3031,168,32
3032,168,32
3033,168,32
3034,168,32
3035,168,32
3036,168,32
3037,168,32
3038,168,32
3039,168,32
3040,168,32
3041,168,32
3042,168,32
3043,168,32
3044,168,32
3045,168,32
3046,168,32
3047,168,32
3048,168,32
3049,168,32
3050,168,32
3051,168,32
3052,168,32
3053,168,32
3054,168,32
3055,168,32
3056,168,32
3057,168,32
3058,168,32
3059,168,32
3060,168,32
3061,168,32
3062,168,32
3063,168,32
3064,168,32
3065,168,32
3066,168,32
3067,167,33
3068,167,33
3069,167,33
3070,167,33
3071,167,33
3072,167,33
3073,167,33
3074,167,33
3075,167,33
3076,167,33
3077,167,33
3078,167,33
3079,167,33
3080,167,33
3081,167,33
3082,167,33
3083,167,33
3084,167,33
3085,167,33
3086,167,33
3087,167,33
3088,167,33
3089,167,33
3090,167,33
3091,167,33
3092,167,33
3093,167,33
3094,167,33
3095,167,33
3096,167,33
3097,167,33
3098,167,33
3099,167,33
3100,167,33
3101,167,33
3102,167,33
3103,167,33
3104,167,33
3105,167,33
3106,167,33
3107,167,33
3108,167,33
3109,167,33
3110,167,33
3111,167,33
3112,167,33
3113,167,33
3114,167,33
3115,167,33
3116,167,33
3117,167,33
3118,167,33
3119,167,33
3120,167,33
3121,167,33
3122,167,33
3123,167,33
3124,167,33
3125,167,33
3126,167,33
3127,167,33
3128,167,33
3129,167,33
3130,167,33
3131,167,33
3132,167,33
3133,167,33
3134,167,33
3135,167,33
3136,167,33
3137,167,33
3138,167,33
3139,167,33
3140,167,33
3141,167,33
3142,167,33
3143,166,34
3144,166,34
3145,166,34
3146,166,34
3147,166,34
3148,166,34
3149,166,34
3150,166,34
3151,166,34
3152,166,34
3153,166,34
3154,166,34
3155,166,34
3156,166,34
3157,166,34
3158,166,34
3159,166,34
3160,166,34
3161,166,34
3162,166,34
3163,166,34
3164,166,34
3165,166,34
3166,166,34
3167,166,34
3168,166,34
3169,166,34
3170,166,34
3171,166,34
3172,166,34
3173,166,34
3174,166,34
3175,166,34
3176,166,34
3177,166,34
3178,166,34
3179,166,34
3180,166,34
3181,166,34
3182,166,34
3183,166,34
3184,166,34
3185,166,34
3186,166,34
3187,166,34
3188,166,34
3189,166,34
3190,166,34
3191,166,34
3192,166,34
3193,166,34
3194,166,34
3195,166,34
3196,166,34
3197,166,34
3198,166,34
3199,166,34
3200,166,34
3201,166,34
3202,166,34
3203,166,34
3204,166,34
3205,166,34
3206,166,34
3207,166,34
3208,166,34
3209,166,34
3210,166,34
3211,166,34
3212,166,34
3213,166,34
3214,166,34
3215,166,34
3216,166,34
3217,166,34
3218,166,34
3219,166,34
3220,166,34
3221,166,34
3222,166,34
3223,166,34
3224,166,34
3225,166,34
3226,166,34
3227,166,34
3228,166,34
3229,166,34
3230,166,34
3231,166,34
3232,166,34
3233,166,34
3234,166,34
3235,166,34
3236,166,34
3237,166,34
3238,166,34
3239,166,34
3240,166,34
3241,166,34
3242,166,34
3243,166,34
3244,166,34
3245,166,34
3246,166,34
3247,166,34
3248,166,34
3249,166,34
3250,166,34
3251,166,34
3252,166,34
3253,166,34
3254,166,34
3255,166,34
3256,166,34
3257,166,34
3258,166,34
3259,166,34
3260,166,34
3261,166,34
3262,166,34
3263,166,34
3264,166,34
3265,166,34
3266,166,34
3267,166,34
3268,166,34
3269,166,34
3270,166,34
3271,166,34
3272,166,34
3273,166,34
3274,166,34
3275,166,34
3276,166,34
3277,166,34
3278,166,34
3279,166,34
3280,166,34
3281,166,34
3282,166,34
3283,166,34
3284,166,34
3285,166,34
3286,166,34
3287,166,34
3288,166,34
3289,166,34
3290,166,34
3291,166,34
3292,166,34
3293,166,34
3294,166,34
3295,166,34
3296,166,34
3297,166,34
3298,166,34
3299,166,34
3300,166,34
3301,166,34
3302,166,34
3303,166,34
3304,166,34
3305,166,34
3306,166,34
3307,166,34
3308,166,34
3309,166,34
3310,166,34
3311,166,34
3312,166,34
3313,166,34
3314,166,34
3315,166,34
3316,166,34
3317,166,34
3318,166,34
3319,166,34
3320,166,34
3321,166,34
3322,166,34
3323,166,34
3324,166,34
3325,166,34
3326,166,34
3327,166,34
3328,166,34
3329,166,34
3330,166,34
3331,166,34
3332,166,34
3333,166,34
3334,166,34
3335,166,34
3336,166,34
3337,166,34
3338,166,34
3339,166,34
3340,166,34
3341,166,34
3342,166,34
3343,166,34
3344,166,34
3345,166,34
3346,166,34
3347,166,34
3348,166,34
3349,166,34
3350,166,34
3351,166,34
3352,166,34
3353,166,34
3354,166,34
3355,166,34
3356,166,34
3357,166,34
3358,166,34
3359,166,34
3360,166,34
3361,166,34
3362,166,34
3363,166,34
3364,166,34
3365,166,34
3366,166,34
3367,166,34
3368,166,34
3369,166,34
3370,166,34
3371,166,34
3372,166,34
3373,166,34
3374,166,34
3375,166,34
3376,166,34
3377,166,34
3378,166,34
3379,166,34
3380,166,34
3381,166,34
3382,166,34
3383,166,34
3384,166,34
3385,166,34
3386,166,34
3387,166,34
3388,166,34
3389,166,34
3390,166,34
3391,166,34
3392,166,34
3393,166,34
3394,166,34
3395,166,34
3396,166,34
3397,166,34
3398,166,34
3399,166,34
3400,166,34
3401,166,34
3402,166,34
3403,166,34
3404,166,34
3405,166,34
3406,166,34
3407,166,34
3408,166,34
3409,166,34
3410,166,34
3411,166,34
3412,166,34
3413,166,34
3414,166,34
3415,166,34
3416,166,34
3417,166,34
3418,166,34
3419,166,34
3420,166,34
3421,166,34
3422,166,34
3423,166,34
3424,166,34
3425,166,34
3426,166,34
3427,166,34
3428,166,34
3429,166,34
3430,166,34
3431,166,34
3432,166,34
3433,166,34
3434,166,34
3435,166,34
3436,166,34
3437,166,34
3438,166,34
3439,166,34
3440,166,34
3441,166,34
3442,166,34
3443,166,34
3444,166,34
3445,166,34
3446,166,34
3447,166,34
3448,166,34
3449,166,34
3450,166,34
3451,166,34
3452,166,34
3453,166,34
3454,166,34
3455,166,34
3456,166,34
3457,166,34
3458,166,34
3459,166,34
3460,166,34
3461,166,34
3462,166,34
3463,166,34
3464,166,34
3465,166,34
3466,166,34
3467,166,34
3468,166,34
3469,166,34
3470,166,34
3471,166,34
3472,166,34
3473,166,34
3474,166,34
3475,166,34
3476,166,34
3477,166,34
3478,166,34
3479,166,34
3480,166,34
3481,166,34
3482,166,34
3483,166,34
3484,166,34
3485,166,34
3486,166,34
3487,166,34
3488,166,34
3489,166,34
3490,166,34
3491,166,34
3492,166,34
3493,166,34
3494,166,34
3495,166,34
3496,166,34
3497,166,34
3498,166,34
3499,166,34
3500,166,34
3501,166,34
3502,166,34
3503,166,34
3504,166,34
3505,166,34
3506,166,34
3507,166,34
3508,166,34
3509,166,34
3510,166,34
3511,166,34
3512,166,34
3513,166,34
3514,166,34
3515,166,34
3516,166,34
3517,166,34
3518,166,34
3519,166,34
3520,166,34
3521,166,34
3522,166,34
3523,166,34
3524,166,34
3525,166,34
3526,166,34
3527,166,34
3528,166,34
3529,166,34
3530,166,34
3531,166,34
3532,166,34
3533,166,34
3534,166,34
3535,166,34
3536,166,34
3537,166,34
3538,166,34
3539,166,34
3540,166,34
3541,166,34
3542,166,34
3543,166,34
3544,166,34
3545,166,34
3546,166,34
3547,166,34
3548,166,34
3549,166,34
3550,166,34
3551,166,34
3552,166,34
3553,166,34
3554,166,34
3555,166,34
3556,166,34
3557,166,34
3558,166,34
3559,166,34
3560,166,34
3561,166,34
3562,166,34
3563,166,34
3564,166,34
3565,166,34
3566,166,34
3567,166,34
3568,165,35
3569,165,35
3570,165,35
3571,165,35
3572,165,35
3573,165,35
3574,165,35
3575,165,35
3576,165,35
3577,165,35
3578,165,35
3579,165,35
3580,165,35
3581,165,35
3582,165,35
3583,165,35
3584,165,35
3585,165,35
3586,165,35
3587,165,35
3588,165,35
3589,165,35
3590,165,35
3591,165,35
3592,165,35
3593,165,35
3594,165,35
3595,165,35
3596,164,36
3597,164,36
3598,164,36
3599,164,36
3600,164,36
3601,164,36
3602,164,36
3603,164,36
3604,164,36
3605,164,36
3606,164,36
3607,164,36
3608,164,36
3609,164,36
3610,164,36
3611,164,36
3612,164,36
3613,164,36
3614,164,36
3615,164,36
3616,164,36
3617,164,36
3618,164,36
3619,164,36
3620,164,36
3621,164,36
3622,164,36
3623,164,36
3624,164,36
3625,164,36
3626,164,36
3627,164,36
3628,164,36
3629,164,36
3630,164,36
3631,164,36
3632,164,36
3633,164,36
3634,164,36
3635,164,36
3636,164,36
3637,164,36
3638,164,36
3639,164,36
3640,164,36
3641,164,36
3642,164,36
3643,164,36
3644,164,36
3645,164,36
3646,164,36
3647,164,36
3648,164,36
3649,164,36
3650,164,36
3651,164,36
3652,164,36
3653,164,36
3654,164,36
3655,164,36
3656,164,36
3657,164,36
3658,164,36
3659,164,36
3660,164,36
3661,164,36
3662,164,36
3663,164,36
3664,164,36
3665,164,36
3666,164,36
3667,164,36
3668,164,36
3669,164,36
3670,164,36
3671,164,36
3672,164,36
3673,164,36
3674,164,36
3675,164,36
3676,164,36
3677,164,36
3678,164,36
3679,164,36
3680,164,36
3681,164,36
3682,164,36
3683,164,36
3684,164,36
3685,164,36
3686,164,36
3687,164,36
3688,164,36
3689,164,36
3690,164,36
3691,164,36
3692,164,36
3693,164,36
3694,164,36
3695,164,36
3696,164,36
3697,164,36
3698,164,36
3699,164,36
3700,164,36
3701,164,36
3702,164,36
3703,164,36
3704,164,36
3705,164,36
3706,164,36
3707,164,36
3708,164,36
3709,164,36
3710,164,36
3711,164,36
3712,164,36
3713,164,36
3714,164,36
3715,164,36
3716,164,36
3717,164,36
3718,164,36
3719,164,36
3720,164,36
3721,164,36
3722,164,36
3723,164,36
3724,164,36
3725,164,36
3726,164,36
3727,164,36
3728,164,36
3729,164,36
3730,164,36
3731,164,36
3732,164,36
3733,164,36
3734,164,36
3735,164,36
3736,164,36
3737,164,36
3738,164,36
3739,164,36
3740,164,36
3741,164,36
3742,164,36
3743,164,36
3744,164,36
3745,164,36
3746,164,36
3747,164,36
3748,164,36
3749,164,36
3750,164,36
3751,164,36
3752,164,36
3753,164,36
3754,164,36
3755,164,36
3756,164,36
3757,164,36
3758,164,36
3759,164,36
3760,163,37
3761,163,37
3762,163,37
3763,163,37
3764,163,37
3765,163,37
3766,163,37
3767,163,37
3768,163,37
3769,163,37
3770,163,37
3771,163,37
3772,163,37
3773,163,37
3774,163,37
3775,163,37
3776,163,37
3777,163,37
3778,163,37
3779,163,37
3780,163,37
3781,163,37
3782,163,37
3783,163,37
3784,163,37
3785,163,37
3786,163,37
3787,163,37
3788,163,37
3789,163,37
3790,163,37
3791,163,37
3792,163,37
3793,163,37
3794,163,37
3795,163,37
3796,163,37
3797,163,37
3798,163,37
3799,163,37
3800,163,37
3801,163,37
3802,163,37
3803,163,37
3804,163,37
3805,163,37
3806,163,37
3807,163,37
3808,163,37
3809,163,37
3810,163,37
3811,163,37
3812,163,37
3813,163,37
3814,163,37
3815,163,37
3816,163,37
3817,163,37
3818,163,37
3819,163,37
3820,163,37
3821,163,37
3822,163,37
3823,163,37
3824,163,37
3825,163,37
3826,163,37
3827,163,37
3828,163,37
3829,163,37
3830,163,37
3831,163,37
3832,163,37
3833,163,37
3834,163,37
3835,163,37
3836,163,37
3837,163,37
3838,163,37
3839,163,37
3840,163,37
3841,163,37
3842,163,37
3843,163,37
3844,163,37
3845,163,37
3846,163,37
3847,163,37
3848,163,37
3849,163,37
3850,163,37
3851,163,37
3852,163,37
3853,163,37
3854,163,37
3855,163,37
3856,163,37
3857,163,37
3858,163,37
3859,163,37
3860,163,37
3861,163,37
3862,163,37
3863,163,37
3864,163,37
3865,163,37
3866,163,37
3867,163,37
3868,163,37
3869,163,37
3870,163,37
3871,163,37
3872,163,37
3873,163,37
3874,163,37
3875,163,37
3876,163,37
3877,163,37
3878,163,37
3879,163,37
3880,163,37
3881,163,37
3882,163,37
3883,163,37
3884,163,37
3885,163,37
3886,163,37
3887,163,37
3888,163,37
3889,163,37
3890,163,37
3891,163,37
3892,163,37
3893,163,37
3894,163,37
3895,163,37
3896,163,37
3897,163,37
3898,163,37
3899,163,37
3900,163,37
3901,163,37
3902,163,37
3903,163,37
3904,163,37
3905,163,37
3906,163,37
3907,163,37
3908,163,37
3909,163,37
3910,163,37
3911,163,37
3912,163,37
3913,163,37
3914,163,37
3915,163,37
3916,163,37
3917,163,37
3918,163,37
3919,163,37
3920,163,37
3921,163,37
3922,163,37
3923,163,37
3924,163,37
3925,163,37
3926,163,37
3927,163,37
3928,163,37
3929,163,37
3930,163,37
3931,163,37
3932,163,37
3933,163,37
3934,163,37
3935,163,37
3936,163,37
3937,163,37
3938,163,37
3939,163,37
3940,163,37
3941,163,37
3942,163,37
3943,163,37
3944,163,37
3945,163,37
3946,163,37
3947,163,37
3948,163,37
3949,163,37
3950,163,37
3951,163,37
3952,163,37
3953,163,37
3954,163,37
3955,163,37
3956,163,37
3957,163,37
3958,163,37
3959,163,37
3960,163,37
3961,163,37
3962,163,37
3963,163,37
3964,163,37
3965,163,37
3966,163,37
3967,163,37
3968,163,37
3969,163,37
3970,163,37
3971,163,37
3972,163,37
3973,163,37
3974,163,37
3975,163,37
3976,163,37
3977,163,37
3978,163,37
3979,163,37
3980,163,37
3981,163,37
3982,163,37
3983,163,37
3984,163,37
3985,163,37
3986,163,37
3987,163,37
3988,163,37
3989,163,37
3990,163,37
3991,163,37
3992,163,37
3993,163,37
3994,163,37
3995,163,37
3996,163,37
3997,163,37
3998,163,37
3999,163,37
4000,163,37
4001,163,37
4002,163,37
4003,163,37
4004,163,37
4005,163,37
4006,163,37
4007,163,37
4008,163,37
4009,163,37
4010,163,37
4011,163,37
4012,163,37
4013,163,37
4014,163,37
4015,163,37
4016,163,37
4017,163,37
4018,163,37
4019,163,37
4020,163,37
4021,163,37
4022,163,37
4023,163,37
4024,163,37
4025,163,37
4026,163,37
4027,163,37
4028,163,37
4029,163,37
4030,163,37
4031,163,37
4032,163,37
4033,163,37
4034,163,37
4035,163,37
4036,163,37
4037,163,37
4038,163,37
4039,163,37
4040,163,37
4041,163,37
4042,163,37
4043,163,37
4044,163,37
4045,163,37
4046,163,37
4047,163,37
4048,163,37
4049,163,37
4050,163,37
4051,163,37
4052,163,37
4053,163,37
4054,163,37
4055,163,37
4056,163,37
4057,163,37
4058,163,37
4059,163,37
4060,163,37
4061,163,37
4062,163,37
4063,163,37
4064,163,37
4065,163,37
4066,163,37
4067,163,37
4068,163,37
4069,163,37
4070,163,37
4071,163,37
4072,163,37
4073,163,37
4074,163,37
4075,163,37
4076,163,37
4077,163,37
4078,163,37
4079,163,37
4080,163,37
4081,163,37
4082,163,37
4083,163,37
4084,163,37
4085,163,37
4086,163,37
4087,163,37
4088,163,37
4089,163,37
4090,163,37
4091,163,37
4092,163,37
4093,163,37
4094,163,37
4095,163,37
4096,163,37
4097,163,37
4098,163,37
4099,163,37
4100,163,37
4101,163,37
4102,163,37
4103,163,37
4104,163,37
4105,163,37
4106,163,37
4107,163,37
4108,163,37
4109,163,37
4110,163,37
4111,163,37
4112,163,37
4113,163,37
4114,163,37
4115,163,37
4116,163,37
4117,163,37
4118,163,37
4119,163,37
4120,163,37
4121,163,37
4122,163,37
4123,163,37
4124,163,37
4125,163,37
4126,163,37
4127,163,37
4128,163,37
4129,163,37
4130,163,37
4131,162,38
4132,162,38
4133,162,38
4134,162,38
4135,162,38
4136,162,38
4137,162,38
4138,162,38
4139,162,38
4140,162,38
4141,162,38
4142,162,38
4143,162,38
4144,162,38
4145,162,38
4146,162,38
4147,162,38
4148,162,38
4149,162,38
4150,162,38
4151,162,38
4152,162,38
4153,162,38
4154,162,38
4155,162,38
4156,162,38
4157,162,38
4158,162,38
4159,162,38
4160,162,38
4161,162,38
4162,162,38
4163,162,38
4164,162,38
4165,162,38
4166,162,38
4167,162,38
4168,162,38
4169,162,38
4170,162,38
4171,162,38
4172,162,38
4173,162,38
4174,162,38
4175,162,38
4176,162,38
4177,162,38
4178,162,38
4179,162,38
4180,162,38
4181,162,38
4182,162,38
4183,162,38
4184,162,38
4185,162,38
4186,162,38
4187,162,38
4188,162,38
4189,162,38
4190,162,38
4191,162,38
4192,162,38
4193,162,38
4194,162,38
4195,162,38
4196,162,38
4197,162,38
4198,162,38
4199,162,38
4200,162,38
4201,162,38
4202,162,38
4203,162,38
4204,162,38
4205,162,38
4206,162,38
4207,162,38
4208,162,38
4209,162,38
4210,162,38
4211,162,38
4212,162,38
4213,162,38
4214,162,38
4215,162,38
4216,162,38
4217,162,38
4218,162,38
4219,162,38
4220,162,38
4221,162,38
4222,162,38
4223,162,38
4224,162,38
4225,162,38
4226,162,38
4227,162,38
4228,162,38
4229,162,38
4230,162,38
4231,162,38
4232,162,38
4233,162,38
4234,162,38
4235,162,38
4236,162,38
4237,162,38
4238,162,38
4239,162,38
4240,162,38
4241,162,38
4242,162,38
4243,162,38
4244,162,38
4245,162,38
4246,162,38
4247,162,38
4248,161,39
4249,161,39
4250,161,39
4251,161,39
4252,161,39
4253,161,39
4254,161,39
4255,161,39
4256,161,39
4257,161,39
4258,161,39
4259,161,39
4260,161,39
4261,161,39
4262,161,39
4263,161,39
4264,161,39
4265,161,39
4266,161,39
4267,161,39
4268,161,39
4269,161,39
4270,161,39
4271,161,39
4272,161,39
4273,161,39
4274,161,39
4275,161,39
4276,161,39
4277,161,39
4278,161,39
4279,161,39
4280,161,39
4281,161,39
4282,161,39
4283,161,39
4284,161,39
4285,161,39
4286,161,39
4287,161,39
4288,161,39
4289,161,39
4290,161,39
4291,161,39
4292,161,39
4293,161,39
4294,161,39
4295,161,39
4296,161,39
4297,161,39
4298,161,39
4299,161,39
4300,161,39
4301,161,39
4302,161,39
4303,161,39
4304,161,39
4305,161,39
4306,161,39
4307,161,39
4308,161,39
4309,161,39
4310,161,39
4311,161,39
4312,161,39
4313,161,39
4314,161,39
4315,161,39
4316,161,39
4317,161,39
4318,161,39
4319,161,39
4320,161,39
4321,161,39
4322,161,39
4323,161,39
4324,161,39
4325,161,39
4326,160,40
4327,160,40
4328,159,41
4329,159,41
4330,159,41
4331,159,41
4332,159,41
4333,159,41
4334,159,41
4335,159,41
4336,159,41
4337,159,41
4338,159,41
4339,159,41
4340,159,41
4341,158,42
4342,158,42
4343,158,42
4344,158,42
4345,158,42
4346,158,42
4347,158,42
4348,158,42
4349,158,42
4350,158,42
4351,158,42
4352,158,42
4353,158,42
4354,158,42
4355,158,42
4356,158,42
4357,158,42
4358,158,42
4359,158,42
4360,158,42
4361,158,42
4362,158,42
4363,158,42
4364,158,42
4365,158,42
4366,158,42
4367,158,42
4368,158,42
4369,158,42
4370,158,42
4371,158,42
4372,158,42
4373,158,42
4374,158,42
4375,158,42
4376,158,42
4377,158,42
4378,158,42
4379,158,42
4380,158,42
4381,158,42
4382,158,42
4383,158,42
4384,158,42
4385,158,42
4386,158,42
4387,158,42
4388,158,42
4389,158,42
4390,158,42
4391,158,42
4392,158,42
4393,158,42
4394,158,42
4395,158,42
4396,158,42
4397,158,42
4398,158,42
4399,158,42
4400,158,42
4401,158,42
4402,158,42
4403,158,42
4404,158,42
4405,158,42
4406,158,42
4407,158,42
4408,158,42
4409,158,42
4410,158,42
4411,157,43
4412,157,43
4413,157,43
4414,157,43
4415,157,43
4416,157,43
4417,157,43
4418,157,43
4419,157,43
4420,157,43
4421,157,43
4422,157,43
4423,157,43
4424,157,43
4425,157,43
4426,157,43
4427,157,43
4428,157,43
4429,157,43
4430,157,43
4431,157,43
4432,157,43
4433,157,43
4434,157,43
4435,157,43
4436,157,43
4437,157,43
4438,157,43
4439,157,43
4440,157,43
4441,157,43
4442,157,43
4443,157,43
4444,157,43
4445,157,43
4446,157,43
4447,157,43
4448,157,43
4449,157,43
4450,157,43
4451,157,43
4452,157,43
4453,157,43
4454,157,43
4455,157,43
4456,157,43
4457,157,43
4458,157,43
4459,157,43
4460,157,43
4461,157,43
4462,157,43
4463,157,43
4464,157,43
4465,157,43
4466,157,43
4467,157,43
4468,157,43
4469,157,43
4470,157,43
4471,157,43
4472,157,43
4473,157,43
4474,157,43
4475,157,43
4476,157,43
4477,157,43
4478,157,43
4479,157,43
4480,157,43
4481,157,43
4482,157,43
4483,157,43
4484,157,43
4485,157,43
4486,157,43
4487,157,43
4488,157,43
4489,157,43
4490,157,43
4491,157,43
4492,157,43
4493,157,43
4494,157,43
4495,157,43
4496,157,43
4497,157,43
4498,157,43
4499,157,43
4500,157,43
4501,157,43
4502,157,43
4503,157,43
4504,157,43
4505,157,43
4506,157,43
4507,157,43
4508,157,43
4509,157,43
4510,157,43
4511,157,43
4512,157,43
4513,157,43
4514,157,43
4515,157,43
4516,157,43
4517,157,43
4518,157,43
4519,157,43
4520,157,43
4521,157,43
4522,157,43
4523,157,43
4524,157,43
4525,157,43
4526,157,43
4527,157,43
4528,157,43
4529,157,43
4530,157,43
4531,157,43
4532,157,43
4533,157,43
4534,157,43
4535,157,43
4536,157,43
4537,157,43
4538,157,43
4539,157,43
4540,157,43
4541,157,43
4542,157,43
4543,157,43
4544,157,43
4545,157,43
4546,157,43
4547,157,43
4548,157,43
4549,157,43
4550,157,43
4551,157,43
4552,157,43
4553,157,43
4554,157,43
4555,157,43
4556,157,43
4557,157,43
4558,157,43
4559,157,43
4560,157,43
4561,157,43
4562,157,43
4563,157,43
4564,157,43
4565,157,43
4566,157,43
4567,157,43
4568,157,43
4569,157,43
4570,157,43
4571,157,43
4572,157,43
4573,157,43
4574,157,43
4575,157,43
4576,157,43
4577,157,43
4578,157,43
4579,157,43
4580,157,43
4581,157,43
4582,157,43
4583,157,43
4584,157,43
4585,157,43
4586,157,43
4587,157,43
4588,157,43
4589,157,43
4590,157,43
4591,157,43
4592,157,43
4593,157,43
4594,157,43
4595,157,43
4596,157,43
4597,157,43
4598,157,43
4599,157,43
4600,157,43
4601,157,43
4602,157,43
4603,157,43
4604,157,43
4605,157,43
4606,157,43
4607,157,43
4608,157,43
4609,157,43
4610,157,43
4611,157,43
4612,157,43
4613,157,43
4614,157,43
4615,157,43
4616,157,43
4617,157,43
4618,157,43
4619,157,43
4620,157,43
4621,157,43
4622,157,43
4623,157,43
4624,157,43
4625,157,43
4626,157,43
4627,157,43
4628,157,43
4629,157,43
4630,157,43
4631,157,43
4632,157,43
4633,157,43
4634,157,43
4635,157,43
4636,157,43
4637,157,43
4638,157,43
4639,157,43
4640,157,43
4641,157,43
4642,157,43
4643,157,43
4644,157,43
4645,157,43
4646,157,43
4647,157,43
4648,157,43
4649,157,43
4650,157,43
4651,157,43
4652,157,43
4653,157,43
4654,157,43
4655,157,43
4656,157,43
4657,157,43
4658,157,43
4659,157,43
4660,157,43
4661,157,43
4662,157,43
4663,157,43
4664,157,43
4665,157,43
4666,157,43
4667,157,43
4668,157,43
4669,157,43
4670,157,43
4671,157,43
4672,157,43
4673,157,43
4674,157,43
4675,157,43
4676,157,43
4677,157,43
4678,157,43
4679,157,43
4680,157,43
4681,157,43
4682,157,43
4683,157,43
4684,157,43
4685,157,43
4686,157,43
4687,157,43
4688,157,43
4689,157,43
4690,157,43
4691,157,43
4692,157,43
4693,157,43
4694,157,43
4695,157,43
4696,157,43
4697,157,43
4698,157,43
4699,157,43
4700,157,43
4701,157,43
4702,157,43
4703,157,43
4704,157,43
4705,157,43
4706,157,43
4707,157,43
4708,157,43
4709,157,43
4710,157,43
4711,157,43
4712,157,43
4713,157,43
4714,157,43
4715,157,43
4716,157,43
4717,157,43
4718,157,43
4719,157,43
4720,157,43
4721,157,43
4722,157,43
4723,157,43
4724,157,43
4725,157,43
4726,157,43
4727,157,43
4728,157,43
4729,157,43
4730,157,43
4731,157,43
4732,157,43
4733,157,43
4734,157,43
4735,157,43
4736,157,43
4737,157,43
4738,157,43
4739,157,43
4740,157,43
4741,157,43
4742,157,43
4743,157,43
4744,157,43
4745,157,43
4746,157,43
4747,157,43
4748,157,43
4749,157,43
4750,157,43
4751,157,43
4752,157,43
4753,157,43
4754,157,43
4755,157,43
4756,157,43
4757,157,43
4758,157,43
4759,157,43
4760,157,43
4761,157,43
4762,157,43
4763,157,43
4764,157,43
4765,157,43
4766,157,43
4767,157,43
4768,157,43
4769,157,43
4770,157,43
4771,157,43
4772,157,43
4773,157,43
4774,157,43
4775,157,43
4776,157,43
4777,157,43
4778,157,43
4779,157,43
4780,157,43
4781,157,43
4782,157,43
4783,157,43
4784,157,43
4785,157,43
4786,157,43
4787,157,43
4788,157,43
4789,157,43
4790,157,43
4791,157,43
4792,157,43
4793,157,43
4794,157,43
4795,157,43
4796,157,43
4797,157,43
4798,157,43
4799,157,43
4800,157,43
4801,157,43
4802,157,43
4803,157,43
4804,157,43
4805,157,43
4806,157,43
4807,157,43
4808,157,43
4809,157,43
4810,157,43
4811,157,43
4812,157,43
4813,157,43
4814,157,43
4815,157,43
4816,157,43
4817,157,43
4818,157,43
4819,157,43
4820,157,43
4821,157,43
4822,157,43
4823,157,43
4824,157,43
4825,157,43
4826,157,43
4827,157,43
4828,157,43
4829,157,43
4830,157,43
4831,157,43
4832,157,43
4833,157,43
4834,157,43
4835,157,43
4836,157,43
4837,157,43
4838,157,43
4839,157,43
4840,157,43
4841,157,43
4842,157,43
4843,157,43
4844,157,43
4845,157,43
4846,157,43
4847,157,43
4848,157,43
4849,156,44
4850,156,44
4851,156,44
4852,156,44
4853,156,44
4854,156,44
4855,156,44
4856,156,44
4857,156,44
4858,156,44
4859,156,44
4860,156,44
4861,156,44
4862,156,44
4863,156,44
4864,156,44
4865,156,44
4866,156,44
4867,156,44
4868,156,44
4869,156,44
4870,156,44
4871,156,44
4872,156,44
4873,156,44
4874,156,44
4875,156,44
4876,156,44
4877,156,44
4878,156,44
4879,156,44
4880,156,44
4881,156,44
4882,156,44
4883,156,44
4884,156,44
4885,156,44
4886,156,44
4887,156,44
4888,156,44
4889,156,44
4890,156,44
4891,156,44
4892,156,44
4893,156,44
4894,156,44
4895,156,44
4896,156,44
4897,156,44
4898,156,44
4899,156,44
4900,156,44
4901,156,44
4902,156,44
4903,156,44
4904,156,44
4905,156,44
4906,156,44
4907,156,44
4908,156,44
4909,156,44
4910,156,44
4911,156,44
4912,156,44
4913,156,44
4914,156,44
4915,156,44
4916,156,44
4917,156,44
4918,156,44
4919,156,44
4920,156,44
4921,156,44
4922,156,44
4923,156,44
4924,156,44
4925,156,44
4926,156,44
4927,156,44
4928,156,44
4929,156,44
4930,156,44
4931,156,44
4932,156,44
4933,156,44
4934,156,44
4935,156,44
4936,156,44
4937,156,44
4938,156,44
4939,156,44
4940,156,44
4941,156,44
4942,156,44
4943,156,44
4944,156,44
4945,156,44
4946,156,44
4947,156,44
4948,156,44
4949,156,44
4950,156,44
4951,156,44
4952,156,44
4953,156,44
4954,156,44
4955,156,44
4956,156,44
4957,156,44
4958,156,44
4959,156,44
4960,156,44
4961,156,44
4962,156,44
4963,156,44
4964,156,44
4965,156,44
4966,156,44
4967,156,44
4968,156,44
4969,156,44
4970,156,44
4971,156,44
4972,156,44
4973,156,44
4974,156,44
4975,156,44
4976,156,44
4977,156,44
4978,156,44
4979,156,44
4980,156,44
4981,156,44
4982,156,44
4983,156,44
4984,156,44
4985,156,44
4986,156,44
4987,156,44
4988,156,44
4989,156,44
4990,156,44
4991,156,44
4992,156,44
4993,156,44
4994,156,44
4995,156,44
4996,156,44
4997,156,44
4998,156,44
4999,156,44
5000,156,44
5001,156,44
5002,156,44
5003,156,44
5004,156,44
5005,156,44
5006,156,44
5007,156,44
5008,156,44
5009,156,44
5010,156,44
5011,156,44
5012,156,44
5013,156,44
5014,156,44
5015,156,44
5016,156,44
5017,156,44
5018,156,44
5019,156,44
5020,156,44
5021,156,44
5022,156,44
5023,156,44
5024,156,44
5025,156,44
5026,156,44
5027,156,44
5028,156,44
5029,156,44
5030,156,44
5031,156,44
5032,156,44
5033,156,44
5034,156,44
5035,156,44
5036,156,44
5037,156,44
5038,156,44
5039,156,44
5040,156,44
5041,156,44
5042,156,44
5043,156,44
5044,156,44
5045,156,44
5046,156,44
5047,156,44
5048,156,44
5049,156,44
5050,156,44
5051,156,44
5052,156,44
5053,156,44
5054,156,44
5055,156,44
5056,156,44
5057,156,44
5058,156,44
5059,156,44
5060,156,44
5061,156,44
5062,156,44
5063,155,45
5064,155,45
5065,155,45
5066,155,45
5067,155,45
5068,155,45
5069,155,45
5070,155,45
5071,155,45
5072,155,45
5073,155,45
5074,155,45
5075,155,45
5076,155,45
5077,155,45
5078,155,45
5079,155,45
5080,155,45
5081,155,45
5082,155,45
5083,155,45
5084,155,45
5085,155,45
5086,155,45
5087,155,45
5088,155,45
5089,155,45
5090,155,45
5091,155,45
5092,155,45
5093,155,45
5094,155,45
5095,155,45
5096,155,45
5097,155,45
5098,155,45
5099,155,45
5100,155,45
5101,155,45
5102,155,45
5103,155,45
5104,155,45
5105,155,45
5106,155,45
5107,155,45
5108,155,45
5109,155,45
5110,155,45
5111,155,45
5112,155,45
5113,155,45
5114,155,45
5115,155,45
5116,155,45
5117,155,45
5118,155,45
5119,155,45
5120,155,45
5121,155,45
5122,155,45
5123,155,45
5124,155,45
5125,155,45
5126,155,45
5127,155,45
5128,155,45
5129,155,45
5130,155,45
5131,155,45
5132,155,45
5133,155,45
5134,155,45
5135,155,45
5136,155,45
5137,155,45
5138,155,45
5139,155,45
5140,155,45
5141,155,45
5142,155,45
5143,155,45
5144,155,45
5145,155,45
5146,155,45
5147,155,45
5148,155,45
5149,155,45
5150,155,45
5151,155,45
5152,155,45
5153,155,45
5154,155,45
5155,155,45
5156,155,45
5157,155,45
5158,155,45
5159,155,45
5160,155,45
5161,155,45
5162,155,45
5163,155,45
5164,155,45
5165,155,45
5166,155,45
5167,155,45
5168,155,45
5169,155,45
5170,155,45
5171,155,45
5172,155,45
5173,155,45
5174,155,45
5175,155,45
5176,155,45
5177,155,45
5178,155,45
5179,155,45
5180,155,45
5181,155,45
5182,155,45
5183,155,45
5184,155,45
5185,155,45
5186,155,45
5187,155,45
5188,155,45
5189,155,45
5190,155,45
5191,155,45
5192,155,45
5193,155,45
5194,155,45
5195,155,45
5196,155,45
5197,155,45
5198,155,45
5199,155,45
5200,155,45
5201,155,45
5202,155,45
5203,155,45
5204,155,45
5205,155,45
5206,155,45
5207,155,45
5208,155,45
5209,155,45
5210,155,45
5211,155,45
5212,155,45
5213,155,45
5214,155,45
5215,155,45
5216,155,45
5217,155,45
5218,155,45
5219,155,45
5220,155,45
5221,155,45
5222,155,45
5223,155,45
5224,155,45
5225,155,45
5226,155,45
5227,155,45
5228,155,45
5229,155,45
5230,155,45
5231,155,45
5232,155,45
5233,155,45
5234,155,45
5235,155,45
5236,155,45
5237,155,45
5238,155,45
5239,155,45
5240,155,45
5241,155,45
5242,155,45
5243,155,45
5244,155,45
5245,155,45
5246,155,45
5247,155,45
5248,155,45
5249,155,45
5250,155,45
5251,155,45
5252,155,45
5253,155,45
5254,155,45
5255,155,45
5256,155,45
5257,155,45
5258,155,45
5259,155,45
5260,155,45
5261,155,45
5262,155,45
5263,155,45
5264,155,45
5265,155,45
5266,155,45
5267,155,45
5268,155,45
5269,154,46
5270,154,46
5271,154,46
5272,154,46
5273,154,46
5274,154,46
5275,154,46
5276,154,46
5277,154,46
5278,154,46
5279,154,46
5280,154,46
5281,154,46
5282,153,47
5283,153,47
5284,153,47
5285,153,47
5286,153,47
5287,153,47
5288,153,47
5289,153,47
5290,153,47
5291,153,47
5292,153,47
5293,153,47
5294,153,47
5295,153,47
5296,153,47
5297,153,47
5298,153,47
5299,153,47
5300,153,47
5301,153,47
5302,153,47
5303,153,47
5304,153,47
5305,153,47
5306,153,47
5307,153,47
5308,153,47
5309,153,47
5310,153,47
5311,153,47
5312,153,47
5313,153,47
5314,152,48
5315,152,48
5316,152,48
5317,152,48
5318,152,48
5319,152,48
5320,152,48
5321,152,48
5322,152,48
5323,152,48
5324,152,48
5325,152,48
5326,152,48
5327,152,48
5328,152,48
5329,152,48
5330,152,48
5331,152,48
5332,152,48
5333,152,48
5334,152,48
5335,152,48
5336,152,48
5337,152,48
5338,152,48
5339,152,48
5340,152,48
5341,152,48
5342,152,48
5343,152,48
5344,152,48
5345,152,48
5346,152,48
5347,152,48
5348,152,48
5349,152,48
5350,152,48
5351,152,48
5352,152,48
5353,152,48
5354,152,48
5355,152,48
5356,152,48
5357,152,48
5358,152,48
5359,152,48
5360,152,48
5361,152,48
5362,152,48
5363,152,48
5364,152,48
5365,152,48
5366,152,48
5367,152,48
5368,152,48
5369,152,48
5370,152,48
5371,152,48
5372,152,48
5373,152,48
5374,152,48
5375,152,48
5376,152,48
5377,152,48
5378,152,48
5379,152,48
5380,152,48
5381,152,48
5382,152,48
5383,152,48
5384,152,48
5385,152,48
5386,152,48
5387,152,48
5388,152,48
5389,152,48
5390,152,48
5391,152,48
5392,152,48
5393,152,48
5394,152,48
5395,152,48
5396,152,48
5397,152,48
5398,152,48
5399,152,48
5400,152,48
5401,152,48
5402,152,48
5403,152,48
5404,152,48
5405,151,49
5406,151,49
5407,151,49
5408,151,49
5409,151,49
5410,151,49
5411,151,49
5412,151,49
5413,151,49
5414,151,49
5415,151,49
5416,151,49
5417,151,49
5418,151,49
5419,151,49
5420,151,49
5421,151,49
5422,151,49
5423,151,49
5424,151,49
5425,151,49
5426,151,49
5427,151,49
5428,151,49
5429,151,49
5430,151,49
5431,151,49
5432,151,49
5433,151,49
5434,151,49
5435,151,49
5436,151,49
5437,151,49
5438,151,49
5439,151,49
5440,151,49
5441,151,49
5442,151,49
5443,151,49
5444,151,49
5445,151,49
5446,151,49
5447,151,49
5448,151,49
5449,151,49
5450,151,49
5451,151,49
5452,151,49
5453,151,49
5454,151,49
5455,151,49
5456,151,49
5457,151,49
5458,151,49
5459,151,49
5460,151,49
5461,151,49
5462,151,49
5463,151,49
5464,151,49
5465,151,49
5466,151,49
5467,151,49
5468,151,49
5469,151,49
5470,151,49
5471,151,49
5472,151,49
5473,151,49
5474,151,49
5475,151,49
5476,151,49
5477,151,49
5478,151,49
5479,151,49
5480,151,49
5481,151,49
5482,151,49
5483,151,49
5484,151,49
5485,151,49
5486,151,49
5487,151,49
5488,151,49
5489,151,49
5490,151,49
5491,151,49
5492,151,49
5493,151,49
5494,151,49
5495,151,49
5496,151,49
5497,151,49
5498,151,49
5499,151,49
5500,151,49
5501,151,49
5502,151,49
5503,151,49
5504,151,49
5505,151,49
5506,151,49
5507,151,49
5508,151,49
5509,151,49
5510,151,49
5511,151,49
5512,151,49
5513,151,49
5514,151,49
5515,151,49
5516,151,49
5517,151,49
5518,151,49
5519,151,49
5520,151,49
5521,151,49
5522,151,49
5523,151,49
5524,151,49
5525,151,49
5526,151,49
5527,151,49
5528,151,49
5529,151,49
5530,151,49
5531,151,49
5532,151,49
5533,151,49
5534,151,49
5535,151,49
5536,151,49
5537,151,49
5538,151,49
5539,151,49
5540,151,49
5541,151,49
5542,151,49
5543,151,49
5544,151,49
5545,151,49
5546,151,49
5547,151,49
5548,151,49
5549,151,49
5550,151,49
5551,151,49
5552,151,49
5553,151,49
5554,151,49
5555,151,49
5556,151,49
5557,151,49
5558,151,49
5559,151,49
5560,150,50
5561,150,50
5562,150,50
5563,150,50
5564,150,50
5565,150,50
5566,150,50
5567,150,50
5568,150,50
5569,150,50
5570,150,50
5571,150,50
5572,150,50
5573,150,50
5574,150,50
5575,150,50
5576,150,50
5577,150,50
5578,150,50
5579,150,50
5580,150,50
5581,150,50
5582,150,50
5583,150,50
5584,150,50
5585,150,50
5586,150,50
5587,150,50
5588,150,50
5589,150,50
5590,150,50
5591,150,50
5592,150,50
5593,150,50
5594,150,50
5595,150,50
5596,150,50
5597,150,50
5598,150,50
5599,150,50
5600,150,50
5601,150,50
5602,150,50
5603,150,50
5604,150,50
5605,150,50
5606,150,50
5607,150,50
5608,150,50
5609,150,50
5610,150,50
5611,150,50
5612,150,50
5613,150,50
5614,150,50
5615,150,50
5616,150,50
5617,150,50
5618,150,50
5619,150,50
5620,150,50
5621,150,50
5622,150,50
5623,150,50
5624,150,50
5625,150,50
5626,150,50
5627,150,50
5628,150,50
5629,150,50
5630,150,50
5631,150,50
5632,150,50
5633,150,50
5634,150,50
5635,150,50
5636,150,50
5637,150,50
5638,150,50
5639,150,50
5640,150,50
5641,150,50
5642,150,50
5643,150,50
5644,150,50
5645,150,50
5646,150,50
5647,150,50
5648,150,50
5649,150,50
5650,150,50
5651,150,50
5652,150,50
5653,150,50
5654,150,50
5655,150,50
5656,150,50
5657,150,50
5658,150,50
5659,150,50
5660,150,50
5661,150,50
5662,150,50
5663,150,50
5664,150,50
5665,150,50
5666,150,50
5667,150,50
5668,150,50
5669,150,50
5670,150,50
5671,150,50
5672,150,50
5673,150,50
5674,150,50
5675,150,50
5676,150,50
5677,150,50
5678,150,50
5679,150,50
5680,150,50
5681,150,50
5682,150,50
5683,150,50
5684,150,50
5685,150,50
5686,150,50
5687,150,50
5688,150,50
5689,150,50
5690,150,50
5691,150,50
5692,150,50
5693,150,50
5694,150,50
5695,150,50
5696,150,50
5697,150,50
5698,150,50
5699,150,50
5700,150,50
5701,150,50
5702,150,50
5703,150,50
5704,150,50
5705,150,50
5706,150,50
5707,150,50
5708,150,50
5709,150,50
5710,150,50
5711,150,50
5712,150,50
5713,150,50
5714,150,50
5715,150,50
5716,150,50
5717,150,50
5718,150,50
5719,150,50
5720,150,50
5721,150,50
5722,150,50
5723,150,50
5724,150,50
5725,150,50
5726,150,50
5727,150,50
5728,150,50
5729,150,50
5730,150,50
5731,149,51
5732,149,51
5733,149,51
5734,149,51
5735,149,51
5736,149,51
5737,149,51
5738,149,51
5739,149,51
5740,149,51
5741,149,51
5742,149,51
5743,149,51
5744,149,51
5745,149,51
5746,149,51
5747,149,51
5748,149,51
5749,149,51
5750,149,51
5751,149,51
5752,149,51
5753,149,51
5754,149,51
5755,149,51
5756,149,51
5757,149,51
5758,149,51
5759,149,51
5760,149,51
5761,149,51
5762,149,51
5763,149,51
5764,149,51
5765,149,51
5766,149,51
5767,149,51
5768,149,51
5769,149,51
5770,149,51
5771,149,51
5772,149,51
5773,149,51
5774,149,51
5775,149,51
5776,149,51
5777,149,51
5778,149,51
5779,149,51
5780,149,51
5781,149,51
5782,149,51
5783,149,51
5784,149,51
5785,149,51
5786,149,51
5787,149,51
5788,149,51
5789,149,51
5790,149,51
5791,149,51
5792,149,51
5793,149,51
5794,149,51
5795,149,51
5796,149,51
5797,149,51
5798,149,51
5799,149,51
5800,149,51
5801,149,51
5802,149,51
5803,149,51
5804,149,51
5805,149,51
5806,149,51
5807,149,51
5808,149,51
5809,149,51
5810,149,51
5811,149,51
5812,149,51
5813,149,51
5814,149,51
5815,149,51
5816,149,51
5817,149,51
5818,149,51
5819,149,51
5820,149,51
5821,149,51
5822,149,51
5823,149,51
5824,149,51
5825,149,51
5826,149,51
5827,149,51
5828,149,51
5829,149,51
5830,149,51
5831,149,51
5832,149,51
5833,149,51
5834,149,51
5835,149,51
5836,149,51
5837,149,51
5838,149,51
5839,149,51
5840,149,51
5841,149,51
5842,149,51
5843,149,51
5844,149,51
5845,149,51
5846,149,51
5847,149,51
5848,149,51
5849,149,51
5850,149,51
5851,149,51
5852,149,51
5853,149,51
5854,149,51
5855,149,51
5856,148,52
5857,148,52
5858,148,52
5859,148,52
5860,148,52
5861,148,52
5862,148,52
5863,148,52
5864,148,52
5865,148,52
5866,148,52
5867,148,52
5868,148,52
5869,148,52
5870,148,52
5871,148,52
5872,148,52
5873,148,52
5874,148,52
5875,148,52
5876,148,52
5877,148,52
5878,148,52
5879,148,52
5880,148,52
5881,148,52
5882,148,52
5883,148,52
5884,148,52
5885,148,52
5886,148,52
5887,148,52
5888,148,52
5889,148,52
5890,148,52
5891,148,52
5892,148,52
5893,148,52
5894,148,52
5895,148,52
5896,148,52
5897,148,52
5898,148,52
5899,148,52
5900,148,52
5901,148,52
5902,148,52
5903,148,52
5904,148,52
5905,148,52
5906,148,52
5907,148,52
5908,148,52
5909,148,52
5910,148,52
5911,148,52
5912,148,52
5913,148,52
5914,148,52
5915,148,52
5916,148,52
5917,148,52
5918,148,52
5919,148,52
5920,148,52
5921,148,52
5922,148,52
5923,148,52
5924,148,52
5925,148,52
5926,148,52
5927,148,52
5928,148,52
5929,148,52
5930,148,52
5931,148,52
5932,148,52
5933,148,52
5934,148,52
5935,148,52
5936,148,52
5937,148,52
5938,148,52
5939,148,52
5940,148,52
5941,148,52
5942,148,52
5943,148,52
5944,148,52
5945,148,52
5946,148,52
5947,148,52
5948,148,52
5949,148,52
5950,148,52
5951,148,52
5952,148,52
5953,148,52
5954,148,52
5955,148,52
5956,148,52
5957,148,52
5958,148,52
5959,148,52
5960,148,52
5961,148,52
5962,148,52
5963,148,52
5964,148,52
5965,148,52
5966,148,52
5967,148,52
5968,148,52
5969,148,52
5970,148,52
5971,148,52
5972,148,52
5973,148,52
5974,148,52
5975,147,53
5976,147,53
5977,147,53
5978,147,53
5979,147,53
5980,147,53
5981,147,53
5982,147,53
5983,147,53
5984,147,53
5985,147,53
5986,147,53
5987,147,53
5988,147,53
5989,147,53
5990,147,53
5991,147,53
5992,147,53
5993,147,53
5994,147,53
5995,147,53
5996,147,53
5997,147,53
5998,147,53
5999,147,53
6000,147,53
6001,147,53
6002,147,53
6003,147,53
6004,147,53
6005,147,53
6006,147,53
6007,147,53
6008,147,53
6009,147,53
6010,147,53
6011,147,53
6012,147,53
6013,147,53
6014,147,53
6015,147,53
6016,147,53
6017,147,53
6018,147,53
6019,147,53
6020,147,53
6021,147,53
6022,147,53
6023,147,53
6024,147,53
6025,147,53
6026,147,53
6027,147,53
6028,147,53
6029,147,53
6030,147,53
6031,147,53
6032,147,53
6033,147,53
6034,147,53
6035,147,53
6036,147,53
6037,147,53
6038,147,53
6039,147,53
6040,147,53
6041,147,53
6042,147,53
6043,147,53
6044,147,53
6045,147,53
6046,147,53
6047,147,53
6048,147,53
6049,147,53
6050,147,53
6051,147,53
6052,147,53
6053,147,53
6054,147,53
6055,147,53
6056,147,53
6057,147,53
6058,147,53
6059,147,53
6060,147,53
6061,147,53
6062,147,53
6063,147,53
6064,147,53
6065,147,53
6066,147,53
6067,147,53
6068,147,53
6069,147,53
6070,147,53
6071,147,53
6072,147,53
6073,147,53
6074,147,53
6075,147,53
6076,147,53
6077,147,53
6078,146,54
6079,146,54
6080,146,54
6081,146,54
6082,146,54
6083,146,54
6084,146,54
6085,146,54
6086,146,54
6087,146,54
6088,146,54
6089,146,54
6090,146,54
6091,146,54
6092,146,54
6093,146,54
6094,146,54
6095,146,54
6096,146,54
6097,146,54
6098,146,54
6099,146,54
6100,146,54
6101,146,54
6102,146,54
6103,146,54
6104,146,54
6105,146,54
6106,146,54
6107,146,54
6108,146,54
6109,146,54
6110,146,54
6111,146,54
6112,146,54
6113,146,54
6114,146,54
6115,146,54
6116,146,54
6117,146,54
6118,146,54
6119,146,54
6120,146,54
6121,146,54
6122,146,54
6123,146,54
6124,146,54
6125,146,54
6126,146,54
6127,146,54
6128,146,54
6129,146,54
6130,146,54
6131,146,54
6132,146,54
6133,146,54
6134,146,54
6135,146,54
6136,146,54
6137,146,54
6138,146,54
6139,146,54
6140,146,54
6141,146,54
6142,146,54
6143,146,54
6144,146,54
6145,146,54
6146,146,54
6147,146,54
6148,146,54
6149,146,54
6150,146,54
6151,146,54
6152,146,54
6153,146,54
6154,146,54
6155,146,54
6156,146,54
6157,146,54
6158,146,54
6159,146,54
6160,146,54
6161,146,54
6162,146,54
6163,146,54
6164,146,54
6165,146,54
6166,146,54
6167,146,54
6168,146,54
6169,146,54
6170,146,54
6171,146,54
6172,146,54
6173,146,54
6174,146,54
6175,146,54
6176,146,54
6177,146,54
6178,146,54
6179,146,54
6180,146,54
6181,146,54
6182,146,54
6183,146,54
6184,146,54
6185,146,54
6186,146,54
6187,146,54
6188,146,54
6189,146,54
6190,146,54
6191,146,54
6192,146,54
6193,146,54
6194,146,54
6195,146,54
6196,146,54
6197,146,54
6198,146,54
6199,146,54
6200,146,54
6201,146,54
6202,146,54
6203,146,54
6204,146,54
6205,146,54
6206,146,54
6207,146,54
6208,146,54
6209,146,54
6210,146,54
6211,146,54
6212,146,54
6213,146,54
6214,146,54
6215,146,54
6216,146,54
6217,146,54
6218,146,54
6219,146,54
6220,146,54
6221,146,54
6222,146,54
6223,146,54
6224,146,54
6225,146,54
6226,146,54
6227,146,54
6228,146,54
6229,146,54
6230,146,54
6231,146,54
6232,146,54
6233,146,54
6234,146,54
6235,146,54
6236,146,54
6237,146,54
6238,146,54
6239,146,54
6240,146,54
6241,146,54
6242,146,54
6243,146,54
6244,146,54
6245,146,54
6246,146,54
6247,146,54
6248,146,54
6249,146,54
6250,146,54
6251,146,54
6252,146,54
6253,146,54
6254,146,54
6255,146,54
6256,146,54
6257,146,54
6258,146,54
6259,146,54
6260,146,54
6261,146,54
6262,146,54
6263,146,54
6264,146,54
6265,146,54
6266,146,54
6267,146,54
6268,146,54
6269,146,54
6270,146,54
6271,146,54
6272,146,54
6273,146,54
6274,146,54
6275,146,54
6276,146,54
6277,146,54
6278,146,54
6279,146,54
6280,146,54
6281,146,54
6282,146,54
6283,146,54
6284,146,54
6285,146,54
6286,146,54
6287,146,54
6288,146,54
6289,146,54
6290,146,54
6291,146,54
6292,146,54
6293,146,54
6294,146,54
6295,146,54
6296,146,54
6297,146,54
6298,146,54
6299,146,54
6300,146,54
6301,146,54
6302,146,54
6303,146,54
6304,146,54
6305,146,54
6306,146,54
6307,146,54
6308,146,54
6309,146,54
6310,146,54
6311,146,54
6312,146,54
6313,146,54
6314,146,54
6315,146,54
6316,146,54
6317,146,54
6318,146,54
6319,146,54
6320,146,54
6321,146,54
6322,146,54
6323,146,54
6324,146,54
6325,146,54
6326,146,54
6327,146,54
6328,146,54
6329,146,54
6330,146,54
6331,145,55
6332,145,55
6333,145,55
6334,145,55
6335,145,55
6336,145,55
6337,145,55
6338,145,55
6339,145,55
6340,145,55
6341,145,55
6342,145,55
6343,145,55
6344,145,55
6345,145,55
6346,145,55
6347,145,55
6348,145,55
6349,145,55
6350,145,55
6351,145,55
6352,145,55
6353,145,55
6354,145,55
6355,145,55
6356,145,55
6357,144,56
6358,144,56
6359,144,56
6360,144,56
6361,144,56
6362,144,56
6363,144,56
6364,144,56
6365,144,56
6366,144,56
6367,144,56
6368,144,56
6369,144,56
6370,144,56
6371,144,56
6372,144,56
6373,144,56
6374,144,56
6375,144,56
6376,144,56
6377,144,56
6378,144,56
6379,144,56
6380,144,56
6381,144,56
6382,144,56
6383,144,56
6384,144,56
6385,144,56
6386,144,56
6387,144,56
6388,144,56
6389,144,56
6390,144,56
6391,144,56
6392,144,56
6393,144,56
6394,144,56
6395,144,56
6396,144,56
6397,144,56
6398,144,56
6399,144,56
6400,144,56
6401,144,56
6402,144,56
6403,144,56
6404,144,56
6405,144,56
6406,144,56
6407,144,56
6408,144,56
6409,144,56
6410,144,56
6411,144,56
6412,144,56
6413,144,56
6414,144,56
6415,144,56
6416,144,56
6417,144,56
6418,144,56
6419,144,56
6420,144,56
6421,144,56
6422,144,56
6423,144,56
6424,144,56
6425,144,56
6426,144,56
6427,144,56
6428,144,56
6429,144,56
6430,144,56
6431,144,56
6432,144,56
6433,144,56
6434,144,56
6435,144,56
6436,144,56
6437,144,56
6438,144,56
6439,144,56
6440,144,56
6441,144,56
6442,144,56
6443,144,56
6444,144,56
6445,144,56
6446,144,56
6447,144,56
6448,144,56
6449,144,56
6450,144,56
6451,144,56
6452,144,56
6453,144,56
6454,144,56
6455,144,56
6456,144,56
6457,144,56
6458,144,56
6459,144,56
6460,144,56
6461,144,56
6462,144,56
6463,144,56
6464,144,56
6465,144,56
6466,144,56
6467,144,56
6468,144,56
6469,144,56
6470,144,56
6471,144,56
6472,144,56
6473,144,56
6474,144,56
6475,144,56
6476,144,56
6477,144,56
6478,144,56
6479,144,56
6480,144,56
6481,144,56
6482,144,56
6483,144,56
6484,144,56
6485,144,56
6486,144,56
6487,144,56
6488,144,56
6489,143,57
6490,143,57
6491,143,57
6492,143,57
6493,143,57
6494,143,57
6495,143,57
6496,143,57
6497,143,57
6498,143,57
6499,143,57
6500,143,57
6501,143,57
6502,143,57
6503,143,57
6504,143,57
6505,143,57
6506,143,57
6507,143,57
6508,143,57
6509,143,57
6510,143,57
6511,143,57
6512,143,57
6513,143,57
6514,143,57
6515,143,57
6516,143,57
6517,143,57
6518,143,57
6519,143,57
6520,143,57
6521,143,57
6522,143,57
6523,143,57
6524,143,57
6525,143,57
6526,143,57
6527,143,57
6528,143,57
6529,143,57
6530,143,57
6531,143,57
6532,143,57
6533,143,57
6534,143,57
6535,143,57
6536,143,57
6537,143,57
6538,143,57
6539,143,57
6540,143,57
6541,143,57
6542,143,57
6543,143,57
6544,143,57
6545,143,57
6546,143,57
6547,143,57
6548,143,57
6549,143,57
6550,143,57
6551,143,57
6552,143,57
6553,143,57
6554,143,57
6555,143,57
6556,143,57
6557,143,57
6558,143,57
6559,143,57
6560,143,57
6561,143,57
6562,143,57
6563,143,57
6564,143,57
6565,143,57
6566,143,57
6567,143,57
6568,143,57
6569,143,57
6570,143,57
6571,143,57
6572,143,57
6573,143,57
6574,143,57
6575,143,57
6576,143,57
6577,143,57
6578,143,57
6579,143,57
6580,143,57
6581,143,57
6582,143,57
6583,143,57
6584,143,57
6585,143,57
6586,143,57
6587,143,57
6588,143,57
6589,143,57
6590,143,57
6591,143,57
6592,143,57
6593,143,57
6594,143,57
6595,143,57
6596,143,57
6597,143,57
6598,143,57
6599,143,57
6600,143,57
6601,143,57
6602,143,57
6603,143,57
6604,143,57
6605,143,57
6606,143,57
6607,143,57
6608,143,57
6609,143,57
6610,143,57
6611,143,57
6612,143,57
6613,143,57
6614,143,57
6615,143,57
6616,143,57
6617,143,57
6618,143,57
6619,143,57
6620,143,57
6621,143,57
6622,143,57
6623,143,57
6624,143,57
6625,143,57
6626,143,57
6627,143,57
6628,143,57
6629,143,57
6630,143,57
6631,143,57
6632,143,57
6633,143,57
6634,143,57
6635,143,57
6636,143,57
6637,143,57
6638,143,57
6639,143,57
6640,143,57
6641,143,57
6642,143,57
6643,143,57
6644,143,57
6645,143,57
6646,143,57
6647,143,57
6648,143,57
6649,143,57
6650,143,57
6651,143,57
6652,143,57
6653,143,57
6654,143,57
6655,143,57
6656,143,57
6657,143,57
6658,143,57
6659,143,57
6660,143,57
6661,143,57
6662,143,57
6663,143,57
6664,143,57
6665,143,57
6666,143,57
6667,143,57
6668,143,57
6669,143,57
6670,143,57
6671,143,57
6672,143,57
6673,143,57
6674,143,57
6675,143,57
6676,143,57
6677,143,57
6678,143,57
6679,143,57
6680,143,57
6681,143,57
6682,143,57
6683,143,57
6684,143,57
6685,143,57
6686,143,57
6687,143,57
6688,143,57
6689,143,57
6690,143,57
6691,143,57
6692,143,57
6693,143,57
6694,143,57
6695,143,57
6696,143,57
6697,143,57
6698,143,57
6699,143,57
6700,143,57
6701,143,57
6702,143,57
6703,143,57
6704,143,57
6705,143,57
6706,143,57
6707,143,57
6708,143,57
6709,143,57
6710,143,57
6711,143,57
6712,143,57
6713,143,57
6714,143,57
6715,143,57
6716,143,57
6717,143,57
6718,143,57
6719,143,57
6720,143,57
6721,143,57
6722,143,57
6723,143,57
6724,143,57
6725,143,57
6726,143,57
6727,143,57
6728,143,57
6729,143,57
6730,143,57
6731,143,57
6732,143,57
6733,143,57
6734,143,57
6735,143,57
6736,143,57
6737,143,57
6738,143,57
6739,143,57
6740,143,57
6741,143,57
6742,143,57
6743,143,57
6744,143,57
6745,143,57
6746,143,57
6747,143,57
6748,143,57
6749,143,57
6750,143,57
6751,143,57
6752,143,57
6753,143,57
6754,143,57
6755,143,57
6756,143,57
6757,143,57
6758,143,57
6759,143,57
6760,143,57
6761,143,57
6762,143,57
6763,143,57
6764,143,57
6765,143,57
6766,143,57
6767,143,57
6768,143,57
6769,143,57
6770,143,57
6771,143,57
6772,143,57
6773,143,57
6774,143,57
6775,143,57
6776,143,57
6777,143,57
6778,143,57
6779,143,57
6780,143,57
6781,143,57
6782,143,57
6783,143,57
6784,143,57
6785,143,57
6786,143,57
6787,143,57
6788,143,57
6789,143,57
6790,143,57
6791,143,57
6792,143,57
6793,143,57
6794,143,57
6795,143,57
6796,143,57
6797,143,57
6798,143,57
6799,143,57
6800,143,57
6801,143,57
6802,143,57
6803,143,57
6804,143,57
6805,143,57
6806,143,57
6807,143,57
6808,143,57
6809,143,57
6810,143,57
6811,143,57
6812,143,57
6813,143,57
6814,143,57
6815,143,57
6816,143,57
6817,143,57
6818,143,57
6819,143,57
6820,143,57
6821,143,57
6822,143,57
6823,143,57
6824,143,57
6825,143,57
6826,143,57
6827,143,57
6828,143,57
6829,143,57
6830,143,57
6831,143,57
6832,143,57
6833,143,57
6834,143,57
6835,143,57
6836,143,57
6837,143,57
6838,143,57
6839,143,57
6840,143,57
6841,143,57
6842,143,57
6843,143,57
6844,143,57
6845,143,57
6846,143,57
6847,143,57
6848,143,57
6849,143,57
6850,143,57
6851,143,57
6852,143,57
6853,143,57
6854,143,57
6855,143,57
6856,143,57
6857,143,57
6858,143,57
6859,143,57
6860,143,57
6861,143,57
6862,143,57
6863,143,57
6864,143,57
6865,143,57
6866,143,57
6867,143,57
6868,143,57
6869,143,57
6870,143,57
6871,143,57
6872,143,57
6873,143,57
6874,143,57
6875,143,57
6876,143,57
6877,143,57
6878,143,57
6879,143,57
6880,143,57
6881,143,57
6882,143,57
6883,143,57
6884,143,57
6885,143,57
6886,143,57
6887,143,57
6888,143,57
6889,143,57
6890,143,57
6891,143,57
6892,143,57
6893,143,57
6894,143,57
6895,143,57
6896,143,57
6897,143,57
6898,143,57
6899,143,57
6900,143,57
6901,143,57
6902,143,57
6903,143,57
6904,143,57
6905,143,57
6906,143,57
6907,143,57
6908,143,57
6909,143,57
6910,143,57
6911,143,57
6912,143,57
6913,143,57
6914,143,57
6915,143,57
6916,143,57
6917,143,57
6918,143,57
6919,143,57
6920,143,57
6921,143,57
6922,143,57
6923,143,57
6924,143,57
6925,143,57
6926,143,57
6927,143,57
6928,143,57
6929,143,57
6930,143,57
6931,143,57
6932,143,57
6933,143,57
6934,143,57
6935,143,57
6936,143,57
6937,143,57
6938,143,57
6939,143,57
6940,143,57
6941,143,57
6942,143,57
6943,143,57
6944,143,57
6945,143,57
6946,143,57
6947,143,57
6948,143,57
6949,143,57
6950,143,57
6951,143,57
6952,143,57
6953,143,57
6954,143,57
6955,143,57
6956,143,57
6957,143,57
6958,143,57
6959,143,57
6960,143,57
6961,143,57
6962,143,57
6963,143,57
6964,143,57
6965,143,57
6966,143,57
6967,143,57
6968,143,57
6969,143,57
6970,143,57
6971,143,57
6972,143,57
6973,143,57
6974,143,57
6975,143,57
6976,143,57
6977,143,57
6978,143,57
6979,143,57
6980,143,57
6981,143,57
6982,143,57
6983,143,57
6984,143,57
6985,143,57
6986,143,57
6987,143,57
6988,143,57
6989,143,57
6990,143,57
6991,143,57
6992,143,57
6993,143,57
6994,143,57
6995,143,57
6996,143,57
6997,143,57
6998,143,57
6999,143,57
7000,143,57
7001,143,57
7002,143,57
7003,143,57
7004,143,57
7005,143,57
7006,143,57
7007,143,57
7008,143,57
