steps,wild_median,mutant_median,total_counts
1,150.0,50.0,200.0
2,150.0,50.0,200.0
3,150.0,50.0,200.0
4,149.74874371859298,50.25125628140703,200.0
5,150.0,50.0,200.0
6,150.0,50.0,200.0
7,150.0,50.0,200.0
8,149.87437185929647,50.12562814070351,200.0
9,150.0,50.0,200.0
10,149.7326203208556,50.26737967914438,200.0
11,150.0,50.0,200.0
12,150.0,50.0,200.0
13,150.12690355329948,49.8730964467005,200.0
14,150.0,50.0,200.0
15,150.26455026455025,49.735449735449734,200.0
16,150.26741026741027,49.73258973258973,200.0
17,150.0,50.0,200.0
18,150.55562415112976,49.44437584887023,200.0
19,150.51025721128815,49.489742788711865,200.0
20,150.26180881103159,49.738191188968386,199.99999999999997
21,150.26203868843461,49.73796131156537,200.0
22,150.13513513513513,49.86486486486486,200.0
23,149.7296981385699,50.27030186143011,200.0
24,150.0,50.0,200.0
25,150.2646688138916,49.73533118610839,200.0
26,150.58954085171314,49.41045914828686,200.0
27,150.92079990961474,49.079200090385264,200.0
28,150.26455026455025,49.735449735449734,200.0
29,150.53197509903794,49.468024900962085,200.00000000000003
30,150.31847133757964,49.681528662420384,200.00000000000003
31,150.41592394533572,49.584076054664294,200.0
32,150.69334011831307,49.30665988168692,200.0
33,150.56208159656435,49.437918403435646,200.0
34,150.25906735751295,49.740932642487046,200.0
35,150.54945054945054,49.45054945054945,200.0
36,150.27351807012823,49.72648192987176,200.0
37,150.54971608070556,49.45028391929443,200.0
38,150.30716466287265,49.69283533712735,200.0
39,150.53763440860214,49.46236559139785,200.0
40,150.69334011831307,49.30665988168692,200.0
41,150.32263436160028,49.677365638399735,200.0
42,150.2650251002608,49.73497489973918,199.99999999999997
43,150.0,50.0,200.0
44,150.27624309392266,49.72375690607735,200.0
45,150.26203868843461,49.73796131156537,200.0
46,150.299444145598,49.700555854402005,200.0
47,150.0,50.0,200.0
48,150.27624309392266,49.72375690607735,200.0
49,150.31055900621118,49.68944099378882,200.0
50,150.2707766166096,49.72922338339042,200.0
51,150.0,50.0,200.0
52,150.0,50.0,200.0
53,150.0,50.0,200.0
54,149.73821989528795,50.26178010471204,200.0
55,150.0,50.0,200.0
56,149.7406820197243,50.25931798027571,200.0
57,150.29243766460306,49.70756233539693,200.0
58,150.52134245682632,49.478657543173675,200.0
59,150.53197509903794,49.468024900962085,200.00000000000003
60,150.9555690809495,49.04443091905052,200.0
61,150.65800865800867,49.341991341991346,200.0
62,150.55562415112976,49.44437584887023,200.0
63,151.24427386405844,48.755726135941565,200.0
64,150.8288304789816,49.17116952101841,200.0
65,150.31867819591605,49.68132180408396,200.0
66,150.9092244957937,49.090775504206306,200.0
67,150.9555690809495,49.04443091905052,200.0
68,150.9555690809495,49.04443091905052,200.0
69,150.7102177554439,49.289782244556115,200.0
70,150.30716466287265,49.69283533712735,200.0
71,150.61057334326136,49.38942665673864,200.0
72,151.23475609756096,48.765243902439025,200.0
73,150.9433962264151,49.056603773584904,200.0
74,150.6172839506173,49.382716049382715,200.0
75,150.61057334326136,49.38942665673864,200.0
76,150.7257448433919,49.2742551566081,200.0
77,151.0204081632653,48.97959183673469,200.0
78,150.9555690809495,49.04443091905052,200.0
79,150.28248587570621,49.717514124293785,200.0
80,150.75376884422113,49.246231155778894,200.00000000000003
81,150.5750165234633,49.42498347653668,199.99999999999997
82,150.69334011831307,49.30665988168692,200.0
83,151.25078173858662,48.74921826141338,200.0
84,151.63398692810458,48.36601307189542,200.0
85,150.95681144110836,49.04318855889164,200.0
86,151.1766334440753,48.82336655592469,200.0
87,151.49722072798997,48.502779272010045,200.0
88,151.07910906298002,48.92089093701997,200.0
89,151.1271529888551,48.872847011144884,200.0
90,151.28218616027988,48.71781383972016,200.00000000000003
91,150.31847133757964,49.681528662420384,200.00000000000003
92,150.30679465462075,49.693205345379255,200.0
93,150.42239356352667,49.577606436473346,200.0
94,151.02860363533887,48.971396364661125,200.0
95,150.59532246633594,49.404677533664064,200.0
96,150.94910179640718,49.050898203592816,200.0
97,151.53397327310373,48.466026726896295,200.00000000000003
98,150.69387497634517,49.30612502365483,200.0
99,151.25078173858662,48.74921826141338,200.0
100,151.30556313062448,48.694436869375515,200.0
101,151.44818349238238,48.55181650761761,200.0
102,151.72504957038996,48.274950429610044,200.0
103,151.23475609756096,48.765243902439025,200.0
104,151.5856520281596,48.414347971840435,200.00000000000003
105,151.72413793103448,48.275862068965516,200.0
106,151.9516796053109,48.04832039468911,200.0
107,151.51284084670286,48.487159153297135,200.0
108,151.38189036494123,48.618109635058794,200.00000000000003
109,151.1512297226583,48.8487702773417,200.0
110,151.56587119973847,48.43412880026152,200.0
111,150.95090930702483,49.049090692975156,200.0
112,151.29892037786774,48.701079622132255,200.0
113,151.4826122047935,48.51738779520651,200.0
114,150.95681144110836,49.04318855889164,200.0
115,150.91029460443562,49.08970539556438,200.0
116,151.0047043010753,48.99529569892473,200.00000000000003
117,151.3662834104823,48.6337165895177,200.0
118,151.632170313424,48.367829686575995,200.0
119,151.28543177323667,48.71456822676335,200.0
120,151.75581870151083,48.24418129848918,200.0
121,151.76174992610106,48.238250073898904,199.99999999999997
122,151.8287640735322,48.17123592646778,199.99999999999997
123,151.63887497316253,48.36112502683747,200.0
124,152.0010454441504,47.99895455584958,200.0
125,152.5869759143622,47.41302408563782,200.00000000000003
126,152.8729115950245,47.127088404975495,200.0
127,153.03334448533514,46.966655514664886,200.00000000000003
128,152.5,47.5,200.0
129,152.67056934155312,47.32943065844687,200.0
130,153.03334448533514,46.966655514664886,200.00000000000003
131,152.74554591137505,47.25445408862494,200.0
132,152.86624203821657,47.13375796178344,200.0
133,152.85004698617263,47.149953013827364,200.0
134,152.8433774293647,47.15662257063531,200.0
135,153.0137981118373,46.98620188816267,199.99999999999997
136,152.77389277389278,47.22610722610723,200.0
137,153.58629130966952,46.41370869033048,200.0
138,153.43410520297314,46.56589479702687,200.0
139,153.1645569620253,46.835443037974684,200.0
140,153.92964292017177,46.07035707982823,200.0
141,153.6782634552483,46.321736544751715,200.0
142,153.35060449050087,46.649395509499136,200.0
143,153.21912130422768,46.78087869577231,200.0
144,153.42342342342343,46.57657657657658,200.0
145,153.5009428032684,46.49905719673162,200.00000000000003
146,153.52443352443353,46.475566475566474,200.0
147,153.21637426900585,46.783625730994146,200.0
148,153.00690108445613,46.993098915543875,200.0
149,153.64238410596028,46.35761589403973,200.0
150,152.83730610386655,47.162693896133455,200.0
151,154.05452792145172,45.94547207854826,200.0
152,153.8893690579084,46.11063094209162,200.0
153,154.00534759358288,45.99465240641712,200.0
154,153.46376276608837,46.53623723391165,200.0
155,153.41667631284486,46.58332368715515,200.0
156,153.47222222222223,46.52777777777778,200.0
157,153.76033314687052,46.23966685312947,200.0
158,153.03308823529412,46.966911764705884,200.0
159,153.0120481927711,46.98795180722892,200.0
160,153.1904656155156,46.80953438448442,200.0
161,153.45479333209394,46.54520666790605,200.0
162,152.80898876404493,47.19101123595505,199.99999999999997
163,153.27008321020296,46.72991678979703,200.0
164,153.21271326362137,46.78728673637865,200.0
165,153.59538560136724,46.40461439863277,200.0
166,153.54838709677418,46.45161290322581,200.0
167,153.76033314687052,46.23966685312947,200.0
168,153.48837209302326,46.51162790697674,200.0
169,153.68421052631578,46.31578947368421,200.0
170,153.5183795948987,46.481620405101275,199.99999999999997
171,153.49025974025975,46.50974025974026,200.0
172,154.16666666666669,45.83333333333333,200.0
173,154.62287869264614,45.37712130735386,200.0
174,154.28501998055947,45.714980019440546,200.0
175,154.19772326873561,45.8022767312644,200.0
176,154.54545454545453,45.45454545454545,200.0
177,154.61688492616327,45.38311507383672,200.0
178,154.34782608695653,45.65217391304348,200.0
179,154.70175438596493,45.29824561403509,200.00000000000003
180,154.65578786333504,45.34421213666497,200.0
181,154.46773120425817,45.53226879574185,200.00000000000003
182,154.67364769369138,45.32635230630862,200.0
183,154.13251366120218,45.86748633879781,200.0
184,154.5182362547632,45.4817637452368,200.0
185,154.97144029825222,45.02855970174778,200.0
186,154.80030721966207,45.19969278033794,200.0
187,154.9390243902439,45.0609756097561,200.0
188,155.2577979515829,44.742202048417134,200.00000000000003
189,155.43759855823382,44.56240144176616,199.99999999999997
190,155.27950310559007,44.72049689440994,200.0
191,155.6701030927835,44.329896907216494,200.0
192,155.67874692874693,44.321253071253075,200.0
193,155.9981684981685,44.001831501831504,200.0
194,155.6852204681546,44.3147795318454,200.0
195,156.0707585097829,43.929241490217095,200.0
196,156.4992115341293,43.500788465870684,200.0
197,155.44275239706712,44.55724760293288,200.0
198,155.67251461988306,44.32748538011696,200.00000000000003
199,155.76638929932344,44.233610700676564,200.0
200,155.54205791581853,44.4579420841815,200.00000000000003
201,156.3301282051282,43.669871794871796,200.0
202,156.03468208092485,43.96531791907514,200.0
203,155.6156156156156,44.38438438438438,200.0
204,154.97252747252747,45.027472527472526,200.0
205,155.81152515825886,44.188474841741176,200.00000000000003
206,156.40656492945578,43.593435070544196,199.99999999999997
207,156.6027266962587,43.39727330374128,200.0
208,156.6678520625889,43.3321479374111,200.0
209,156.54854712969524,43.45145287030475,200.0
210,156.7424752629125,43.2575247370875,200.0
211,156.99261190786612,43.00738809213386,199.99999999999997
212,156.8744863214747,43.12551367852531,200.0
213,156.7251461988304,43.27485380116959,200.0
214,156.57518796992483,43.42481203007519,200.0
215,156.69883810587328,43.301161894126714,200.0
216,156.18951612903226,43.810483870967744,200.0
217,156.83507357145007,43.16492642854993,200.0
218,157.29291980869107,42.70708019130895,200.0
219,157.51295336787564,42.487046632124354,200.0
220,156.59608129487648,43.40391870512352,200.0
221,157.18414533443433,42.815854665565645,199.99999999999997
222,156.70103092783506,43.29896907216495,200.0
223,157.27629233511587,42.72370766488414,200.0
224,157.10734041891976,42.89265958108024,200.0
225,157.5588285085492,42.441171491450824,200.00000000000003
226,157.77089783281735,42.22910216718267,200.00000000000003
227,157.33873963105114,42.66126036894887,200.0
228,157.3343579234973,42.66564207650273,200.00000000000003
229,157.86883133616803,42.13116866383198,200.0
230,158.1830204621432,41.8169795378568,200.0
231,157.22543352601156,42.77456647398844,200.0
232,157.2437088329674,42.75629116703259,200.0
233,157.18105423987777,42.818945760122226,200.0
234,156.55034324942793,43.44965675057209,200.0
235,157.59582580774634,42.40417419225366,200.0
236,157.48206599713055,42.51793400286944,200.0
237,157.34525785235724,42.65474214764276,200.0
238,157.06510485994025,42.93489514005975,200.0
239,157.2380952380952,42.76190476190476,199.99999999999997
240,157.7304511977879,42.26954880221212,200.0
241,157.17986474694592,42.820135253054104,200.00000000000003
242,157.14285714285714,42.857142857142854,200.0
243,157.3125,42.6875,200.0
244,156.72232742296438,43.27767257703564,200.00000000000003
245,156.97072113441828,43.02927886558172,200.0
246,157.39644970414201,42.60355029585799,200.0
247,157.2380952380952,42.76190476190476,199.99999999999997
248,156.96244599534728,43.03755400465271,200.0
249,157.3125,42.6875,200.0
250,157.06510485994025,42.93489514005975,200.0
251,157.25545900178255,42.74454099821747,200.00000000000003
252,157.223113964687,42.776886035313,200.0
253,157.52351097178683,42.476489028213166,200.0
254,158.2805907172996,41.719409282700425,200.0
255,158.13922427609788,41.86077572390213,200.0
256,157.9864165816237,42.01358341837632,200.00000000000003
257,157.3043699186992,42.69563008130081,200.0
258,157.6541008660214,42.345899133978605,200.0
259,157.3728288851957,42.62717111480432,200.00000000000003
260,157.6541008660214,42.345899133978605,200.0
261,157.40790227142585,42.59209772857415,200.0
262,157.60263053009166,42.39736946990833,200.0
263,157.28982871413447,42.71017128586552,200.0
264,157.06605222734257,42.93394777265745,200.0
265,157.95117698343506,42.04882301656495,200.0
266,157.7548682703322,42.24513172966781,200.0
267,156.9425511197663,43.05744888023369,200.0
268,157.0795892169448,42.920410783055196,200.0
269,157.00862002019105,42.99137997980896,200.0
270,157.05868080829086,42.94131919170913,200.0
271,156.63998914812805,43.36001085187195,200.0
272,156.49084249084248,43.50915750915751,200.0
273,156.80415263748597,43.19584736251403,200.0
274,157.27125334837163,42.72874665162837,200.0
275,157.6158940397351,42.384105960264904,200.0
276,157.44530960326287,42.554690396737115,200.0
277,156.9366982710541,43.0633017289459,200.0
278,157.83458156952133,42.165418430478674,200.0
279,158.48907190370608,41.51092809629395,200.00000000000003
280,158.35741811175336,41.64258188824663,200.0
281,158.210871736339,41.789128263661006,200.0
282,157.89473684210526,42.10526315789473,200.0
283,157.97962648556876,42.02037351443124,200.0
284,158.19209039548022,41.80790960451977,200.0
285,158.0474410295431,41.95255897045688,200.0
286,157.73504273504273,42.26495726495727,200.0
287,157.67195767195767,42.32804232804233,200.0
288,157.37508964857759,42.62491035142242,200.0
289,157.73504273504273,42.26495726495727,200.0
290,157.80455153949129,42.1954484605087,200.0
291,157.45903643922722,42.5409635607728,200.00000000000003
292,158.28754578754578,41.71245421245421,200.0
293,157.63888888888889,42.36111111111111,200.0
294,158.29054666263968,41.709453337360316,200.0
295,158.42696629213484,41.57303370786517,200.0
296,158.8712241653418,41.128775834658185,200.0
297,159.20967112959835,40.790328870401666,200.0
298,158.8781055900621,41.12189440993789,199.99999999999997
299,158.62028301886792,41.37971698113208,200.0
300,158.43104512288087,41.568954877119104,199.99999999999997
301,158.22425828970333,41.775741710296685,200.0
302,157.6650898770104,42.33491012298959,199.99999999999997
303,158.16993464052288,41.830065359477125,200.0
304,158.01787054089078,41.982129459109196,199.99999999999997
305,158.39970417567412,41.60029582432586,199.99999999999997
306,158.35458744054597,41.64541255945405,200.00000000000003
307,158.5137085137085,41.486291486291485,200.0
308,157.41706458909275,42.58293541090726,200.0
309,157.68213268213267,42.31786731786732,200.0
310,157.48563218390802,42.514367816091955,199.99999999999997
311,157.96178343949046,42.038216560509554,200.0
312,157.50647668393782,42.49352331606217,200.0
313,157.9528932829311,42.047106717068914,200.0
314,158.50326536052245,41.49673463947754,200.0
315,158.7228260869565,41.27717391304348,199.99999999999997
316,158.66294227188084,41.337057728119184,200.00000000000003
317,158.82051282051282,41.179487179487175,200.0
318,158.9902850772416,41.0097149227584,200.0
319,159.20967112959835,40.790328870401666,200.0
320,159.12400047738393,40.87599952261606,200.0
321,159.11331557515078,40.88668442484921,200.0
322,159.21052631578948,40.78947368421053,200.0
323,159.88826815642457,40.11173184357542,200.0
324,159.75587064121171,40.244129358788285,200.0
325,160.0,40.0,200.0
326,159.23489278752436,40.765107212475634,200.0
327,158.95737816267618,41.04262183732382,200.0
328,158.5352238472703,41.46477615272971,200.0
329,158.86413806943608,41.13586193056392,200.0
330,159.52988212587024,40.47011787412973,199.99999999999997
331,159.88826815642457,40.11173184357542,200.0
332,160.21223892360524,39.78776107639475,200.0
333,160.38298219826882,39.61701780173118,200.0
334,159.77332562768893,40.22667437231105,200.0
335,160.21834840552117,39.78165159447882,200.0
336,160.76265146115466,39.23734853884533,200.0
337,160.72115898642147,39.27884101357853,200.0
338,160.93185165350116,39.068148346498866,200.00000000000003
339,160.3030303030303,39.696969696969695,200.0
340,160.75114927573944,39.248850724260556,200.0
341,160.20833333333334,39.79166666666667,200.0
342,160.24096385542168,39.75903614457831,200.0
343,160.0,40.0,200.0
344,159.57998015654283,40.42001984345717,200.0
345,159.35782967032966,40.64217032967033,200.0
346,159.1995221027479,40.800477897252094,200.0
347,159.49367088607596,40.50632911392405,200.0
348,159.8941798941799,40.10582010582011,200.0
349,159.18772686802274,40.812273131977264,200.0
350,160.10752688172042,39.89247311827957,200.0
351,159.8941798941799,40.10582010582011,200.0
352,159.74842767295598,40.25157232704403,200.0
353,160.0,40.0,200.0
354,160.23449114745233,39.76550885254764,199.99999999999997
355,159.19709989258862,40.80290010741139,200.0
356,159.198729612598,40.80127038740199,199.99999999999997
357,159.55602016972082,40.443979830279176,200.0
358,159.13916288218448,40.86083711781551,200.0
359,158.89894419306182,41.101055806938156,199.99999999999997
360,158.33185573956524,41.66814426043477,200.0
361,158.66223207686622,41.337767923133775,200.0
362,157.60714285714286,42.392857142857146,200.0
363,157.83132530120483,42.168674698795186,200.0
364,158.15313718539525,41.846862814604755,200.0
365,158.4412780656304,41.5587219343696,200.0
366,158.64226794349102,41.35773205650896,199.99999999999997
367,159.07901622187336,40.92098377812663,200.0
368,158.65817091454272,41.34182908545727,200.0
369,159.2371554347505,40.76284456524951,200.0
370,158.69468830362686,41.305311696373145,200.0
371,159.1153470185728,40.88465298142718,200.0
372,159.37243562189832,40.627564378101674,200.0
373,158.33513647182465,41.664863528175324,199.99999999999997
374,158.70833333333331,41.291666666666664,199.99999999999997
375,159.13978494623655,40.86021505376344,200.0
376,158.95737816267618,41.04262183732382,200.0
377,158.21692431861925,41.783075681380765,200.0
378,158.52382797365362,41.47617202634638,200.0
379,159.53718566078118,40.46281433921883,200.0
380,160.88170998299734,39.11829001700267,200.0
381,160.6221792392005,39.37782076079949,200.0
382,160.0,40.0,200.0
383,160.87214124896315,39.127858751036854,200.0
384,160.4169494285947,39.58305057140531,200.0
385,161.0842490842491,38.91575091575091,200.00000000000003
386,161.0842490842491,38.91575091575091,200.00000000000003
387,160.2447055301953,39.75529446980468,199.99999999999997
388,161.1287758346582,38.871224165341815,200.0
389,161.0283454185893,38.97165458141068,200.0
390,160.4464618828504,39.553538117149614,200.0
391,160.80617495711834,39.19382504288165,200.0
392,160.6562275878556,39.343772412144396,200.0
393,160.77010820976048,39.22989179023954,200.00000000000003
394,160.92258748674445,39.077412513255574,200.00000000000003
395,160.51793496480053,39.48206503519947,200.0
396,160.73781291172594,39.26218708827405,200.0
397,160.7817568856943,39.21824311430571,200.0
398,160.8966532043455,39.10334679565449,200.0
399,161.02262517356857,38.97737482643143,200.0
400,161.55929510327894,38.44070489672108,200.00000000000003
401,161.4940047165111,38.50599528348889,200.0
402,161.16962305986698,38.830376940133036,200.0
403,162.32066362956417,37.67933637043585,200.0
404,162.59509993552547,37.40490006447453,200.0
405,161.74278357501018,38.257216424989835,200.0
406,161.6220342964529,38.377965703547105,200.0
407,161.68938718308064,38.31061281691935,200.0
408,161.66733889733487,38.332661102665135,200.0
409,161.43986327707754,38.56013672292246,200.0
410,160.92258748674445,39.077412513255574,200.00000000000003
411,160.6938409545486,39.30615904545141,200.0
412,160.79416691299636,39.20583308700365,200.0
413,160.79374818355024,39.206251816449765,200.0
414,160.45782275534287,39.54217724465712,200.0
415,160.0,40.0,200.0
416,160.2347208400535,39.765279159946466,199.99999999999997
417,159.77957250425067,40.220427495749334,200.0
418,160.442566643363,39.557433356636984,199.99999999999997
419,160.2152092794539,39.78479072054612,200.0
420,160.70517681119458,39.2948231888054,199.99999999999997
421,159.4339935635845,40.56600643641551,200.0
422,160.20675285821136,39.793247141788655,200.0
423,161.23339658444021,38.76660341555977,200.0
424,162.03829925348913,37.96170074651087,200.0
425,160.69422150882824,39.30577849117175,200.0
426,161.18367346938777,38.816326530612244,200.0
427,160.84715374271627,39.15284625728373,200.0
428,161.93064182194615,38.06935817805383,200.0
429,162.06012378426172,37.93987621573828,200.0
430,162.35294117647058,37.64705882352941,200.0
431,162.17733990147784,37.822660098522164,200.0
432,162.01602999159718,37.98397000840282,200.0
433,161.3267543859649,38.67324561403509,200.0
434,162.21315655277922,37.78684344722081,200.00000000000003
435,162.7734948032086,37.22650519679141,200.0
436,162.63843251795058,37.36156748204941,200.0
437,162.38859180035652,37.61140819964349,200.0
438,163.1118648576749,36.88813514232508,200.0
439,163.10270734851738,36.897292651482594,199.99999999999997
440,162.35163846499879,37.64836153500121,200.0
441,163.42737722048065,36.57262277951933,199.99999999999997
442,163.49059420722605,36.50940579277396,200.0
443,162.98241328773815,37.017586712261846,200.0
444,162.95922656578395,37.04077343421606,200.0
445,163.5861376192868,36.41386238071321,200.0
446,163.68952684742158,36.31047315257842,200.0
447,162.96296296296296,37.03703703703704,200.0
448,163.40128099503016,36.59871900496984,200.0
449,164.51532311792138,35.48467688207862,200.0
450,163.3093777388256,36.69062226117441,200.0
451,163.6931818181818,36.30681818181818,200.0
452,163.79905587261325,36.200944127386734,200.0
453,164.3843843843844,35.61561561561562,200.0
454,164.26576217079008,35.734237829209896,199.99999999999997
455,163.41463414634146,36.58536585365854,200.0
456,164.05128205128204,35.94871794871794,200.0
457,164.2040285899935,35.7959714100065,200.0
458,164.8803827751196,35.119617224880386,200.0
459,164.83630272574996,35.16369727425004,200.0
460,164.77272727272728,35.22727272727273,200.0
461,164.9742268041237,35.02577319587628,200.0
462,165.4334244435767,34.566575556423274,200.0
463,165.09422304603027,34.90577695396973,200.0
464,164.8010021067016,35.19899789329841,200.0
465,165.40407733481527,34.59592266518471,199.99999999999997
466,165.59139784946237,34.40860215053764,200.0
467,165.14837819185644,34.85162180814355,200.0
468,166.0598035970429,33.94019640295708,199.99999999999997
469,166.66666666666669,33.33333333333333,200.0
470,165.93406593406596,34.065934065934066,200.00000000000003
471,165.94787283777467,34.05212716222535,200.0
472,164.89793600772222,35.10206399227778,200.0
473,165.2432292004936,34.7567707995064,200.0
474,165.38647342995168,34.61352657004831,200.0
475,165.98590089156127,34.014099108438735,200.0
476,165.6359356111217,34.36406438887828,200.0
477,165.5796559461481,34.420344053851906,200.0
478,165.35714285714283,34.64285714285714,199.99999999999997
479,165.41758022722743,34.582419772772575,200.0
480,164.57850650507933,35.42149349492069,200.00000000000003
481,165.0589729631646,34.94102703683542,200.0
482,164.98238195912614,35.017618040873856,200.0
483,165.2173913043478,34.78260869565217,200.0
484,165.62169364003293,34.378306359967084,200.0
485,164.46700507614213,35.53299492385787,200.0
486,164.8574695744507,35.14253042554929,200.0
487,164.7907647907648,35.20923520923521,200.0
488,164.84250398724083,35.15749601275917,200.0
489,165.11745465358308,34.88254534641689,199.99999999999997
490,165.2173913043478,34.78260869565217,200.0
491,166.23376623376623,33.76623376623377,200.0
492,165.31676022453888,34.683239775461104,200.0
493,164.78460563826417,35.215394361735825,200.0
494,164.73930481283423,35.26069518716578,200.0
495,164.64088397790056,35.35911602209944,200.0
496,164.64088397790056,35.35911602209944,200.0
497,164.4696223316913,35.5303776683087,200.0
498,164.35093167701865,35.649068322981364,200.0
499,164.18943533697632,35.81056466302368,200.0
500,164.91434097817077,35.08565902182924,200.0
501,166.02540387224073,33.974596127759284,200.0
502,165.66851951467336,34.33148048532664,200.0
503,166.463346598728,33.53665340127199,200.0
504,166.06664523732994,33.9333547626701,200.00000000000003
505,165.5771558783736,34.42284412162643,200.00000000000003
506,165.5998636673483,34.40013633265167,199.99999999999997
507,165.73007103393843,34.26992896606156,200.0
508,166.48847218795405,33.51152781204595,200.0
509,165.8003248781707,34.19967512182931,200.0
510,165.76853526220617,34.23146473779385,200.00000000000003
511,165.4047619047619,34.595238095238095,200.0
512,165.47900650502663,34.52099349497339,200.00000000000003
513,165.9975913287836,34.00240867121638,200.0
514,165.82914572864323,34.17085427135678,200.0
515,166.27450980392157,33.72549019607843,200.0
516,166.88741721854305,33.11258278145696,200.0
517,166.57940663176265,33.42059336823735,200.0
518,167.08921694480102,32.910783055198976,200.0
519,166.14570614570616,33.85429385429386,200.0
520,166.46280067126608,33.53719932873392,200.0
521,166.24941323736505,33.75058676263495,200.0
522,166.88741721854305,33.11258278145696,200.0
523,167.45044429254955,32.549555707450445,200.0
524,167.0334521990151,32.96654780098489,200.0
525,169.04651577258954,30.953484227410442,200.0
526,168.4226683858292,31.577331614170813,200.00000000000003
527,167.90647198105762,32.093528018942386,200.0
528,167.50634517766497,32.493654822335024,200.0
529,167.08728918799824,32.91271081200176,200.0
530,166.77704194260485,33.22295805739515,200.0
531,167.37663912680966,32.62336087319033,200.0
532,166.961389224604,33.038610775395966,199.99999999999997
533,166.77704194260485,33.22295805739515,200.0
534,166.77704194260485,33.22295805739515,200.0
535,166.4556201162092,33.544379883790825,200.0
536,165.76853526220617,34.23146473779385,200.00000000000003
537,166.5765765765766,33.42342342342343,200.00000000000003
538,166.66666666666669,33.33333333333333,200.0
539,166.2917087967644,33.70829120323559,200.0
540,166.73270232592267,33.267297674077334,200.0
541,166.87566127199344,33.124338728006585,200.00000000000003
542,167.03921078921078,32.96078921078921,200.0
543,166.10656785075392,33.8934321492461,200.00000000000003
544,166.94073746126114,33.05926253873886,200.0
545,166.84510348381187,33.15489651618813,200.0
546,167.47727541022311,32.522724589776885,200.0
547,166.46904969485615,33.53095030514386,200.0
548,167.50634517766497,32.493654822335024,200.0
549,166.73644474948523,33.263555250514756,200.0
550,167.15086117451753,32.84913882548246,200.0
551,166.47052715378493,33.52947284621508,200.0
552,166.28014842300556,33.71985157699443,200.0
553,166.84565685570712,33.154343144292895,200.0
554,166.8560606060606,33.14393939393939,200.0
555,166.8831990551314,33.11680094486861,200.0
556,167.18954248366015,32.810457516339866,200.0
557,167.59189797449363,32.40810202550638,200.0
558,168.50879335613092,31.491206643869074,200.0
559,168.3375104427736,31.662489557226397,200.0
560,168.04907975460122,31.950920245398773,200.0
561,167.2078651685393,32.79213483146067,200.0
562,167.74038130635282,32.259618693647184,200.0
563,168.02366863905326,31.976331360946748,200.0
564,167.59856909557507,32.40143090442491,200.0
565,168.12551287562033,31.874487124379662,200.0
566,168.0442871957543,31.955712804245717,200.0
567,167.28658536585365,32.713414634146346,200.0
568,167.68326700635993,32.31673299364005,199.99999999999997
569,167.39196476038583,32.60803523961419,200.00000000000003
570,167.8709677419355,32.12903225806451,200.0
571,167.3325974981604,32.66740250183959,200.0
572,167.6221676221676,32.377832377832384,200.0
573,168.48311654184732,31.516883458152677,200.0
574,168.3422734718787,31.657726528121287,200.0
575,168.9900117873317,31.009988212668283,199.99999999999997
576,169.05982905982907,30.94017094017094,200.0
577,168.93171344784247,31.06828655215752,200.0
578,169.46766547244238,30.53233452755763,200.0
579,168.62745098039215,31.372549019607842,200.0
580,169.34051332260998,30.659486677390024,200.0
581,168.97208758148085,31.027912418519136,200.0
582,168.91649413388544,31.083505866114557,200.0
583,168.7150837988827,31.28491620111732,200.0
584,168.63548782623928,31.36451217376073,200.0
585,168.21192052980132,31.788079470198678,200.0
586,169.05065985525755,30.949340144742443,200.0
587,168.42105263157893,31.57894736842105,199.99999999999997
588,169.27146927146927,30.72853072853073,200.0
589,168.577684881059,31.42231511894098,200.0
590,169.5121951219512,30.48780487804878,200.0
591,168.81845461365344,31.18154538634659,200.00000000000003
592,169.68161879156645,30.318381208433564,200.0
593,170.03292673800794,29.967073261992073,200.00000000000003
594,169.93841852733388,30.061581472666138,200.00000000000003
595,169.89572138147383,30.10427861852616,200.0
596,169.5635335579567,30.436466442043297,200.0
597,169.0713431646074,30.928656835392587,200.0
598,168.76554489619818,31.23445510380184,200.00000000000003
599,169.2412628296739,30.7587371703261,200.0
600,169.91385230039327,30.08614769960672,200.0
601,169.85104119167045,30.148958808329528,199.99999999999997
602,169.9246231155779,30.075376884422113,200.0
603,169.69115497076024,30.308845029239762,200.0
604,169.72241430406007,30.277585695939933,200.0
605,169.68777472137936,30.31222527862065,200.0
606,169.61154273029967,30.388457269700332,200.0
607,169.1832858499525,30.816714150047485,200.0
608,170.11904761904762,29.88095238095238,200.0
609,169.72719582687157,30.27280417312844,200.0
610,169.6969696969697,30.303030303030305,200.0
611,169.96158875449495,30.03841124550507,200.00000000000003
612,170.27607361963192,29.7239263803681,200.0
613,169.910458898147,30.089541101853,200.0
614,170.24725274725273,29.752747252747252,199.99999999999997
615,169.52094952094953,30.47905047905048,200.0
616,170.0098814229249,29.990118577075098,200.0
617,169.95330459770116,30.04669540229885,200.0
618,170.07749143989906,29.92250856010092,199.99999999999997
619,170.66666666666669,29.333333333333332,200.00000000000003
620,170.7683015989065,29.231698401093485,200.0
621,170.06426596775933,29.935734032240692,200.00000000000003
622,170.20408163265307,29.795918367346943,200.0
623,169.95486782720826,30.045132172791746,200.0
624,170.49043062200957,29.50956937799043,200.0
625,170.82517880653313,29.174821193466894,200.00000000000003
626,170.68686868686868,29.313131313131315,200.0
627,169.93975903614458,30.06024096385542,200.0
628,170.47619047619048,29.523809523809526,200.0
629,170.03386550556363,29.966134494436382,200.0
630,170.56063594525133,29.439364054748673,200.0
631,171.35531135531136,28.644688644688642,200.0
632,170.77637130801688,29.223628691983123,200.0
633,170.6593047763232,29.34069522367679,200.0
634,170.59622011068183,29.40377988931816,200.0
635,170.35158891142663,29.64841108857336,200.0
636,170.41420118343197,29.585798816568047,200.00000000000003
637,170.67962231005708,29.320377689942912,200.0
638,170.8407139937321,29.15928600626788,199.99999999999997
639,170.85995085995086,29.14004914004914,200.0
640,171.52073732718893,28.479262672811057,199.99999999999997
641,171.1756168359942,28.824383164005805,200.0
642,170.75698080279233,29.243019197207676,200.0
643,170.54234571199572,29.457654288004274,200.0
644,171.2459150326797,28.75408496732026,199.99999999999997
645,171.51675485008818,28.483245149911816,200.0
646,170.69063260746321,29.309367392536767,199.99999999999997
647,170.35002035002034,29.649979649979652,200.0
648,170.1282051282051,29.871794871794872,199.99999999999997
649,169.7810659821833,30.2189340178167,200.0
650,169.82186149467694,30.17813850532307,200.0
651,170.23458810692853,29.76541189307147,200.0
652,170.26190476190476,29.73809523809524,200.0
653,170.2915681639086,29.70843183609141,200.00000000000003
654,169.78938130759104,30.210618692408953,200.0
655,170.14780799311185,29.85219200688814,200.0
656,169.73328591749643,30.266714082503555,200.0
657,169.82347996637714,30.176520033622868,200.0
658,170.14780799311185,29.85219200688814,200.0
659,170.32804232804233,29.67195767195767,200.0
660,170.30414746543778,29.69585253456221,200.0
661,169.49910554561717,30.500894454382827,200.0
662,169.09814323607426,30.90185676392573,200.0
663,170.93023255813952,29.069767441860467,200.0
664,169.84848484848484,30.151515151515152,200.0
665,170.70063694267517,29.29936305732484,200.0
666,170.254458024444,29.745541975556,200.0
667,171.29881656804736,28.70118343195266,200.00000000000003
668,171.41326475945567,28.586735240544304,199.99999999999997
669,171.07178048965358,28.9282195103464,199.99999999999997
670,171.16308370737855,28.83691629262146,200.0
671,171.7652767668365,28.234723233163493,200.0
672,171.60493827160494,28.39506172839506,200.0
673,172.1722060515806,27.827793948419412,200.0
674,172.883631713555,27.116368286445013,200.0
675,172.7000563539025,27.29994364609749,200.0
676,173.8883399209486,26.11166007905138,199.99999999999997
677,173.6090183603996,26.390981639600426,200.00000000000003
678,173.99355877616748,26.006441223832528,200.0
679,173.3748949285514,26.625105071448584,200.0
680,173.86751650352835,26.132483496471657,200.0
681,173.6237144585602,26.376285541439803,200.0
682,172.89488966318234,27.105110336817656,200.0
683,173.01098162259078,26.989018377409234,200.0
684,171.97452229299364,28.02547770700637,200.0
685,172.58883248730965,27.411167512690355,200.0
686,173.4638276469109,26.53617235308911,200.0
687,173.7610206722234,26.23897932777661,200.0
688,173.43989618968973,26.560103810310252,200.0
689,173.628377762242,26.371622237757986,199.99999999999997
690,173.96217145664457,26.03782854335544,200.0
691,174.29975429975428,25.7002457002457,199.99999999999997
692,174.35897435897436,25.64102564102564,200.0
693,173.76813762154075,26.231862378459237,199.99999999999997
694,173.54901840866,26.450981591339982,200.0
695,174.16382500181382,25.836174998186166,200.0
696,174.01332505222743,25.98667494777257,200.0
697,175.0940316514087,24.9059683485913,200.0
698,174.6326345845811,25.367365415418895,200.0
699,175.1323344069458,24.867665593054195,200.0
700,175.41160593792173,24.588394062078272,200.0
701,175.28146742567995,24.71853257432005,200.0
702,175.6360015418219,24.36399845817808,200.0
703,175.29693799716682,24.70306200283317,200.0
704,174.60606060606062,25.39393939393939,200.0
705,175.77352472089314,24.226475279106857,200.0
706,175.51437525548442,24.4856247445156,200.00000000000003
707,175.71696596086838,24.2830340391316,199.99999999999997
708,175.38899430740037,24.61100569259962,200.0
709,175.07396449704143,24.92603550295858,200.0
710,176.0084296486549,23.99157035134512,200.00000000000003
711,175.2748580403528,24.725141959647214,200.0
712,175.55919436711972,24.440805632880302,200.00000000000003
713,175.7908757908758,24.209124209124212,200.0
714,175.75757575757575,24.242424242424242,200.0
715,175.29693799716682,24.70306200283317,200.0
716,175.4320987654321,24.567901234567902,200.0
717,175.47199683356422,24.52800316643578,200.0
718,175.56756756756758,24.43243243243243,200.0
719,175.56460211301734,24.43539788698265,200.0
720,176.2395679921453,23.760432007854686,200.0
721,176.43405188162222,23.565948118377786,200.0
722,176.65870171246516,23.341298287534844,200.0
723,176.73065505640216,23.269344943597865,200.00000000000003
724,176.76461091378752,23.235389086212464,200.0
725,176.6931216931217,23.306878306878307,200.0
726,177.35714285714286,22.642857142857142,200.0
727,176.92679975801573,23.07320024198427,200.0
728,176.8826385400971,23.117361459902895,200.0
729,177.63157894736844,22.36842105263158,200.00000000000003
730,177.409793814433,22.59020618556701,200.0
731,177.71570453134697,22.28429546865301,199.99999999999997
732,178.24542124542126,21.754578754578755,200.0
733,177.63888888888889,22.36111111111111,200.0
734,177.6434051881622,22.35659481183778,200.0
735,177.52808988764045,22.47191011235955,200.0
736,177.16181180417874,22.838188195821257,200.0
737,177.46052966641201,22.53947033358798,200.0
738,177.5594220910362,22.440577908963803,200.0
739,178.5548902195609,21.44510978043912,200.0
740,177.7087646652864,22.291235334713594,200.0
741,177.49648382559772,22.50351617440225,199.99999999999997
742,177.096018735363,22.903981264637004,200.0
743,177.36154244306417,22.63845755693582,200.0
744,176.57699443413728,23.42300556586271,200.0
745,175.7217321571772,24.278267842822775,199.99999999999997
746,176.68997668997667,23.310023310023308,199.99999999999997
747,177.921146953405,22.078853046594983,200.0
748,177.7087646652864,22.291235334713594,200.0
749,178.7345872863707,21.2654127136293,200.0
750,178.90397350993376,21.096026490066226,200.0
751,178.72411242603553,21.275887573964496,200.00000000000003
752,179.69333848730832,20.306661512691665,200.0
753,179.35159141376758,20.64840858623242,200.0
754,179.4343113930743,20.56568860692572,200.0
755,178.41074607541674,21.589253924583268,200.0
756,177.65034505422278,22.349654945777193,199.99999999999997
757,178.19399470120695,21.806005298793053,200.0
758,178.22173508702005,21.77826491297994,200.0
759,178.7500742588962,21.249925741103784,200.0
760,177.2767537014384,22.723246298561605,200.0
761,177.51164337990684,22.488356620093146,200.0
762,178.1650641025641,21.834935897435898,200.0
763,178.44079445512259,21.559205544877397,199.99999999999997
764,177.959927140255,22.040072859744992,199.99999999999997
765,177.51177533024048,22.48822466975954,200.00000000000003
766,178.06414662084765,21.93585337915235,200.0
767,179.09813815348258,20.901861846517424,200.0
768,178.7604748603352,21.239525139664806,200.0
769,177.45139927365946,22.548600726340524,200.0
770,178.74326876005316,21.25673123994685,200.0
771,179.04423635776558,20.95576364223442,200.0
772,177.84992784992784,22.15007215007215,200.0
773,177.8882912141818,22.111708785818195,200.0
774,177.98144545862638,22.018554541373636,200.00000000000003
775,177.71867612293144,22.281323877068555,200.0
776,178.40274375306225,21.597256246937775,200.00000000000003
777,178.698752228164,21.301247771836007,200.00000000000003
778,178.83538633818588,21.16461366181411,200.0
779,178.5924713584288,21.407528641571194,200.0
780,177.45139927365946,22.548600726340524,200.0
781,178.67965367965368,21.32034632034632,200.0
782,178.12316715542522,21.87683284457478,200.0
783,178.6489419424851,21.351058057514923,200.00000000000003
784,178.86170212765958,21.138297872340424,200.0
785,179.3909114286764,20.609088571323607,200.0
786,180.0662251655629,19.933774834437084,200.0
787,180.73994533385397,19.260054666146036,200.0
788,180.3519394512772,19.6480605487228,200.0
789,180.54545454545453,19.454545454545453,200.0
790,180.23334690001354,19.76665309998643,199.99999999999997
791,180.39131920710867,19.60868079289132,200.0
792,181.19103773584905,18.808962264150946,200.0
793,180.61450044208664,19.385499557913352,200.0
794,180.5287662121716,19.471233787828403,200.0
795,180.7660693736643,19.23393062633569,200.0
796,181.56777161731745,18.432228382682553,200.0
797,181.4781728306831,18.521827169316897,200.0
798,182.6304211187932,17.369578881206788,200.0
799,182.15210801873795,17.847891981262055,200.0
800,182.92111429315284,17.078885706847174,200.0
801,182.74111675126903,17.258883248730964,200.0
802,183.21432163330988,16.78567836669013,200.0
803,182.92070106630715,17.079298933692854,200.0
804,183.93548387096774,16.064516129032256,200.0
805,183.86677075201666,16.133229247983344,200.0
806,184.3764669065874,15.623533093412611,200.00000000000003
807,184.1878115931245,15.81218840687551,200.00000000000003
808,184.36465495289025,15.635345047109753,200.0
809,184.2087765957447,15.79122340425532,200.0
810,184.54545454545453,15.454545454545453,200.0
811,183.57991072681844,16.42008927318155,200.0
812,184.21052631578948,15.789473684210526,200.0
813,184.0,16.0,200.0
814,184.33324243250613,15.666757567493864,200.0
815,185.05697770437655,14.943022295623454,200.0
816,184.72087142579267,15.279128574207352,200.00000000000003
817,184.85668789808918,15.143312101910828,200.0
818,185.49043062200957,14.509569377990431,200.0
819,184.93542983735884,15.06457016264116,200.0
820,185.4235651214128,14.576434878587197,200.0
821,185.14494793132565,14.855052068674357,200.0
822,185.4613457777168,14.538654222283224,200.0
823,185.7994006698396,14.200599330160408,200.0
824,185.41033434650456,14.58966565349544,200.0
825,185.4388723862776,14.561127613722407,200.00000000000003
826,185.85714285714286,14.142857142857142,200.0
827,186.14534482131822,13.85465517868179,200.0
828,185.7516339869281,14.248366013071895,200.0
829,185.70663237972784,14.293367620272152,200.0
830,186.52806048269846,13.47193951730154,200.0
831,186.87343358395992,13.1265664160401,200.00000000000003
832,186.66631601094045,13.33368398905954,200.0
833,186.7026827920683,13.297317207931734,200.00000000000003
834,187.0345881454054,12.96541185459461,200.0
835,186.17021276595744,13.829787234042554,200.0
836,186.2060230790881,13.793976920911904,200.00000000000003
837,186.29966208457728,13.700337915422722,200.0
838,186.43904320987653,13.560956790123457,200.0
839,186.62169948818763,13.378300511812357,200.0
840,186.52267567095535,13.477324329044654,200.0
841,186.52184959349594,13.478150406504064,200.0
842,186.63520663520663,13.364793364793364,200.0
843,186.80783741024703,13.192162589752954,200.0
844,186.66666666666666,13.333333333333334,200.0
845,186.3809184340284,13.619081565971602,200.0
846,186.42288394415357,13.577116055846423,200.0
847,186.73530587764895,13.264694122351061,200.00000000000003
848,187.07779886148006,12.922201138519924,200.0
849,186.5130219098801,13.486978090119884,200.0
850,186.352733686067,13.647266313932981,200.0
851,186.15157661810807,13.848423381891942,200.0
852,186.46830350950202,13.531696490497987,200.0
853,186.6188806811068,13.381119318893203,200.0
854,186.35498201819334,13.645017981806642,199.99999999999997
855,186.70349907918967,13.296500920810312,199.99999999999997
856,186.34533898305085,13.654661016949154,200.0
857,186.814188881121,13.185811118878993,200.0
858,187.72577996715927,12.274220032840724,200.0
859,187.42692923157313,12.573070768426897,200.00000000000003
860,186.62859271214847,13.371407287851511,200.0
861,186.62577390506763,13.374226094932357,200.0
862,187.1482628138975,12.851737186102513,200.00000000000003
863,186.6294227188082,13.370577281191807,200.0
864,187.3934710385671,12.606528961432906,200.0
865,187.8647925033467,12.13520749665328,200.0
866,187.59615384615384,12.403846153846153,200.0
867,187.66637089618456,12.333629103815438,200.0
868,188.30478032605694,11.695219673943077,200.00000000000003
869,188.02395209580837,11.976047904191617,200.0
870,188.02995766851188,11.970042331488115,200.0
871,187.57202609026297,12.42797390973705,200.00000000000003
872,188.16496887379742,11.835031126202603,200.00000000000003
873,188.6304150419315,11.36958495806848,200.0
874,187.66637856525497,12.33362143474503,200.0
875,188.77615927739967,11.223840722600343,200.0
876,187.0015948963317,12.998405103668262,199.99999999999997
877,187.05379587732529,12.94620412267471,200.0
878,187.53785231772653,12.462147682273468,200.0
879,187.8348799210778,12.165120078922218,200.00000000000003
880,188.08749630505469,11.912503694945315,200.0
881,188.48167539267016,11.518324607329843,200.0
882,188.34189066747206,11.658109332527937,200.0
883,188.2665832290363,11.733416770963705,200.00000000000003
884,188.76369030710472,11.236309692895244,199.99999999999997
885,188.82123341139737,11.178766588602654,200.00000000000003
886,188.92449150181108,11.07550849818891,200.0
887,188.53503184713375,11.464968152866243,200.0
888,187.97778308647875,12.02221691352126,200.0
889,188.424317617866,11.575682382133994,200.0
890,188.33809329525363,11.661906704746361,200.0
891,188.45964162419858,11.540358375801413,200.0
892,188.24760244115083,11.752397558849173,200.0
893,188.3851629823904,11.614837017609592,200.0
894,188.33730023801428,11.662699761985719,200.0
895,188.8198757763975,11.180124223602485,200.0
896,188.73158963941088,11.268410360589131,200.00000000000003
897,187.9092431856251,12.090756814374904,200.0
898,188.07369101486748,11.926308985132513,200.0
899,188.7627551020408,11.237244897959183,200.0
900,188.96479021716212,11.035209782837867,200.0
901,189.843861910901,10.156138089098983,200.0
902,189.560364774738,10.439635225262013,200.0
903,189.39280359820089,10.6071964017991,200.0
904,189.83911210530843,10.16088789469156,200.0
905,189.69612526539277,10.303874734607218,199.99999999999997
906,190.50369848538216,9.496301514617823,199.99999999999997
907,189.67698967698968,10.323010323010323,200.0
908,190.74885379521143,9.25114620478859,200.00000000000003
909,190.54955352221364,9.450446477786352,200.0
910,190.65835605765486,9.34164394234515,200.0
911,190.71307561989835,9.286924380101649,200.0
912,191.0164123236395,8.983587676360495,200.0
913,191.7517006802721,8.24829931972789,200.0
914,192.0,8.0,200.0
915,191.1003465101478,8.899653489852202,200.0
916,191.2565695174391,8.743430482560917,200.0
917,191.4636922376508,8.536307762349193,200.0
918,192.05298013245033,7.9470198675496695,200.0
919,190.96863401499164,9.03136598500837,200.0
920,191.01843849034861,8.981561509651398,200.0
921,190.66666666666669,9.333333333333332,200.00000000000003
922,191.07487121140295,8.925128788597073,200.00000000000003
923,190.78907501190324,9.210924988096783,200.00000000000003
924,190.53254437869822,9.467455621301776,200.0
925,190.5514041859971,9.448595814002903,200.0
926,190.39938556067588,9.600614439324117,200.0
927,189.9996913484984,10.000308651501589,200.0
928,190.66666666666669,9.333333333333334,200.00000000000003
929,190.61199510403918,9.388004895960833,200.0
930,190.53121826522394,9.468781734776062,200.0
931,189.8893146019583,10.110685398041719,200.0
932,190.57142857142856,9.428571428571427,199.99999999999997
933,191.73976608187132,8.260233918128653,199.99999999999997
934,191.10563597166615,8.894364028333847,200.0
935,190.77367381060952,9.226326189390486,200.0
936,190.88601753576373,9.11398246423627,200.0
937,190.0059302724804,9.994069727519586,200.0
938,190.69264069264068,9.307359307359308,200.0
939,191.0589410589411,8.941058941058941,200.00000000000003
940,191.64954870837227,8.350451291627762,200.00000000000003
941,191.02564102564102,8.974358974358974,200.0
942,191.25912284291658,8.740877157083418,200.0
943,190.76704545454547,9.232954545454545,200.0
944,190.33868092691623,9.66131907308378,200.0
945,191.1388855506149,8.86111444938509,200.0
946,191.20511049723757,8.79488950276243,200.0
947,190.68799449604404,9.312005503955968,200.0
948,190.37185354691076,9.628146453089245,200.0
949,190.58479532163744,9.415204678362574,200.00000000000003
950,190.81046211588082,9.189537884119165,200.0
951,190.55059523809524,9.449404761904761,200.0
952,190.5301144848183,9.469885515181684,200.0
953,190.87938205585266,9.120617944147355,200.0
954,191.40184809556007,8.598151904439936,200.0
955,191.28890525928068,8.711094740719304,200.0
956,191.2771739130435,8.722826086956522,200.00000000000003
957,190.37998265506056,9.620017344939454,200.0
958,191.16288331342096,8.837116686579053,200.00000000000003
959,191.40738299274884,8.592617007251155,200.0
960,191.8823529411765,8.117647058823529,200.00000000000003
